File,aid,Date,0,1,3
_250m_16_days_pixel_reliability_2000049_aid0001,aid0001,2000-02-18,273.0,13419.0,62811.0
_250m_16_days_pixel_reliability_2000065_aid0001,aid0001,2000-03-05,17288.0,27999.0,31216.0
_250m_16_days_pixel_reliability_2000081_aid0001,aid0001,2000-03-21,17722.0,49034.0,9747.0
_250m_16_days_pixel_reliability_2000097_aid0001,aid0001,2000-04-06,3435.0,20046.0,53022.0
_250m_16_days_pixel_reliability_2000113_aid0001,aid0001,2000-04-22,76382.0,117.0,4.0
_250m_16_days_pixel_reliability_2000129_aid0001,aid0001,2000-05-08,76451.0,52.0,
_250m_16_days_pixel_reliability_2000145_aid0001,aid0001,2000-05-24,76499.0,4.0,
_250m_16_days_pixel_reliability_2000161_aid0001,aid0001,2000-06-09,76394.0,109.0,
_250m_16_days_pixel_reliability_2000177_aid0001,aid0001,2000-06-25,76503.0,,
_250m_16_days_pixel_reliability_2000193_aid0001,aid0001,2000-07-11,76183.0,320.0,
_250m_16_days_pixel_reliability_2000209_aid0001,aid0001,2000-07-27,75983.0,520.0,
_250m_16_days_pixel_reliability_2000225_aid0001,aid0001,2000-08-12,73104.0,3399.0,
_250m_16_days_pixel_reliability_2000241_aid0001,aid0001,2000-08-28,70629.0,5874.0,
_250m_16_days_pixel_reliability_2000257_aid0001,aid0001,2000-09-13,52284.0,24219.0,
_250m_16_days_pixel_reliability_2000273_aid0001,aid0001,2000-09-29,18737.0,56262.0,1504.0
_250m_16_days_pixel_reliability_2000289_aid0001,aid0001,2000-10-15,,50689.0,25814.0
_250m_16_days_pixel_reliability_2000305_aid0001,aid0001,2000-10-31,40.0,69389.0,7074.0
_250m_16_days_pixel_reliability_2000321_aid0001,aid0001,2000-11-16,56879.0,16077.0,3547.0
_250m_16_days_pixel_reliability_2000337_aid0001,aid0001,2000-12-02,,11195.0,65308.0
_250m_16_days_pixel_reliability_2000353_aid0001,aid0001,2000-12-18,21767.0,50011.0,4725.0
_250m_16_days_pixel_reliability_2001001_aid0001,aid0001,2001-01-01,13032.0,49342.0,14129.0
_250m_16_days_pixel_reliability_2001017_aid0001,aid0001,2001-01-17,101.0,25983.0,50419.0
_250m_16_days_pixel_reliability_2001033_aid0001,aid0001,2001-02-02,22044.0,33282.0,21177.0
_250m_16_days_pixel_reliability_2001049_aid0001,aid0001,2001-02-18,5240.0,19806.0,51457.0
_250m_16_days_pixel_reliability_2001065_aid0001,aid0001,2001-03-06,7610.0,42713.0,26180.0
_250m_16_days_pixel_reliability_2001081_aid0001,aid0001,2001-03-22,378.0,11894.0,64231.0
_250m_16_days_pixel_reliability_2001097_aid0001,aid0001,2001-04-07,10070.0,26471.0,39962.0
_250m_16_days_pixel_reliability_2001113_aid0001,aid0001,2001-04-23,73903.0,2596.0,4.0
_250m_16_days_pixel_reliability_2001129_aid0001,aid0001,2001-05-09,42645.0,29504.0,4354.0
_250m_16_days_pixel_reliability_2001145_aid0001,aid0001,2001-05-25,67694.0,8607.0,202.0
_250m_16_days_pixel_reliability_2001161_aid0001,aid0001,2001-06-10,76415.0,88.0,
_250m_16_days_pixel_reliability_2001177_aid0001,aid0001,2001-06-26,75634.0,869.0,
_250m_16_days_pixel_reliability_2001193_aid0001,aid0001,2001-07-12,76154.0,349.0,
_250m_16_days_pixel_reliability_2001209_aid0001,aid0001,2001-07-28,75933.0,570.0,
_250m_16_days_pixel_reliability_2001225_aid0001,aid0001,2001-08-13,75986.0,517.0,
_250m_16_days_pixel_reliability_2001241_aid0001,aid0001,2001-08-29,57744.0,18426.0,333.0
_250m_16_days_pixel_reliability_2001257_aid0001,aid0001,2001-09-14,53970.0,21898.0,635.0
_250m_16_days_pixel_reliability_2001273_aid0001,aid0001,2001-09-30,,49544.0,26959.0
_250m_16_days_pixel_reliability_2001289_aid0001,aid0001,2001-10-16,,38451.0,38052.0
_250m_16_days_pixel_reliability_2001305_aid0001,aid0001,2001-11-01,,61130.0,15373.0
_250m_16_days_pixel_reliability_2001321_aid0001,aid0001,2001-11-17,97.0,25229.0,51177.0
_250m_16_days_pixel_reliability_2001337_aid0001,aid0001,2001-12-03,24044.0,11604.0,40855.0
_250m_16_days_pixel_reliability_2001353_aid0001,aid0001,2001-12-19,112.0,15884.0,60507.0
_250m_16_days_pixel_reliability_2002001_aid0001,aid0001,2002-01-01,56.0,3049.0,73398.0
_250m_16_days_pixel_reliability_2002017_aid0001,aid0001,2002-01-17,11311.0,39299.0,25893.0
_250m_16_days_pixel_reliability_2002033_aid0001,aid0001,2002-02-02,3222.0,42352.0,30929.0
_250m_16_days_pixel_reliability_2002049_aid0001,aid0001,2002-02-18,46712.0,28795.0,996.0
_250m_16_days_pixel_reliability_2002065_aid0001,aid0001,2002-03-06,6755.0,26521.0,43227.0
_250m_16_days_pixel_reliability_2002081_aid0001,aid0001,2002-03-22,2200.0,28281.0,46022.0
_250m_16_days_pixel_reliability_2002097_aid0001,aid0001,2002-04-07,29589.0,36938.0,9976.0
_250m_16_days_pixel_reliability_2002113_aid0001,aid0001,2002-04-23,43984.0,29011.0,3508.0
_250m_16_days_pixel_reliability_2002129_aid0001,aid0001,2002-05-09,58532.0,17927.0,44.0
_250m_16_days_pixel_reliability_2002145_aid0001,aid0001,2002-05-25,76491.0,12.0,
_250m_16_days_pixel_reliability_2002161_aid0001,aid0001,2002-06-10,76503.0,,
_250m_16_days_pixel_reliability_2002177_aid0001,aid0001,2002-06-26,76017.0,486.0,
_250m_16_days_pixel_reliability_2002193_aid0001,aid0001,2002-07-12,75984.0,519.0,
_250m_16_days_pixel_reliability_2002209_aid0001,aid0001,2002-07-28,75986.0,517.0,
_250m_16_days_pixel_reliability_2002225_aid0001,aid0001,2002-08-13,75850.0,653.0,
_250m_16_days_pixel_reliability_2002241_aid0001,aid0001,2002-08-29,63777.0,12718.0,8.0
_250m_16_days_pixel_reliability_2002257_aid0001,aid0001,2002-09-14,1749.0,74539.0,215.0
_250m_16_days_pixel_reliability_2002273_aid0001,aid0001,2002-09-30,30329.0,45856.0,318.0
_250m_16_days_pixel_reliability_2002289_aid0001,aid0001,2002-10-16,,47616.0,28887.0
_250m_16_days_pixel_reliability_2002305_aid0001,aid0001,2002-11-01,4857.0,55118.0,16528.0
_250m_16_days_pixel_reliability_2002321_aid0001,aid0001,2002-11-17,,32132.0,44371.0
_250m_16_days_pixel_reliability_2002337_aid0001,aid0001,2002-12-03,16.0,31301.0,45186.0
_250m_16_days_pixel_reliability_2002353_aid0001,aid0001,2002-12-19,17391.0,37720.0,21391.0
_250m_16_days_pixel_reliability_2003001_aid0001,aid0001,2003-01-01,11076.0,39636.0,25791.0
_250m_16_days_pixel_reliability_2003017_aid0001,aid0001,2003-01-17,1243.0,28875.0,46385.0
_250m_16_days_pixel_reliability_2003033_aid0001,aid0001,2003-02-02,3370.0,48103.0,25030.0
_250m_16_days_pixel_reliability_2003049_aid0001,aid0001,2003-02-18,,11937.0,64566.0
_250m_16_days_pixel_reliability_2003065_aid0001,aid0001,2003-03-06,4843.0,28357.0,43303.0
_250m_16_days_pixel_reliability_2003081_aid0001,aid0001,2003-03-22,11355.0,30021.0,35127.0
_250m_16_days_pixel_reliability_2003097_aid0001,aid0001,2003-04-07,3152.0,53171.0,20180.0
_250m_16_days_pixel_reliability_2003113_aid0001,aid0001,2003-04-23,10541.0,34806.0,31156.0
_250m_16_days_pixel_reliability_2003129_aid0001,aid0001,2003-05-09,76482.0,21.0,
_250m_16_days_pixel_reliability_2003145_aid0001,aid0001,2003-05-25,76361.0,142.0,
_250m_16_days_pixel_reliability_2003161_aid0001,aid0001,2003-06-10,76339.0,164.0,
_250m_16_days_pixel_reliability_2003177_aid0001,aid0001,2003-06-26,76474.0,29.0,
_250m_16_days_pixel_reliability_2003193_aid0001,aid0001,2003-07-12,76160.0,343.0,
_250m_16_days_pixel_reliability_2003209_aid0001,aid0001,2003-07-28,76012.0,491.0,
_250m_16_days_pixel_reliability_2003225_aid0001,aid0001,2003-08-13,72863.0,3624.0,16.0
_250m_16_days_pixel_reliability_2003241_aid0001,aid0001,2003-08-29,68964.0,7539.0,
_250m_16_days_pixel_reliability_2003257_aid0001,aid0001,2003-09-14,4041.0,71793.0,669.0
_250m_16_days_pixel_reliability_2003273_aid0001,aid0001,2003-09-30,48.0,64320.0,12135.0
_250m_16_days_pixel_reliability_2003289_aid0001,aid0001,2003-10-16,2135.0,60114.0,14254.0
_250m_16_days_pixel_reliability_2003305_aid0001,aid0001,2003-11-01,141.0,36463.0,39899.0
_250m_16_days_pixel_reliability_2003321_aid0001,aid0001,2003-11-17,,18716.0,57787.0
_250m_16_days_pixel_reliability_2003337_aid0001,aid0001,2003-12-03,,28305.0,48198.0
_250m_16_days_pixel_reliability_2003353_aid0001,aid0001,2003-12-19,72722.0,2823.0,958.0
_250m_16_days_pixel_reliability_2004001_aid0001,aid0001,2004-01-01,,21023.0,55480.0
_250m_16_days_pixel_reliability_2004017_aid0001,aid0001,2004-01-17,3478.0,15559.0,57466.0
_250m_16_days_pixel_reliability_2004033_aid0001,aid0001,2004-02-02,34114.0,26830.0,15559.0
_250m_16_days_pixel_reliability_2004049_aid0001,aid0001,2004-02-18,,12577.0,63926.0
_250m_16_days_pixel_reliability_2004065_aid0001,aid0001,2004-03-05,,16949.0,59554.0
_250m_16_days_pixel_reliability_2004081_aid0001,aid0001,2004-03-21,11756.0,46944.0,17803.0
_250m_16_days_pixel_reliability_2004097_aid0001,aid0001,2004-04-06,63087.0,11247.0,2169.0
_250m_16_days_pixel_reliability_2004113_aid0001,aid0001,2004-04-22,71413.0,5086.0,4.0
_250m_16_days_pixel_reliability_2004129_aid0001,aid0001,2004-05-08,74461.0,2026.0,16.0
_250m_16_days_pixel_reliability_2004145_aid0001,aid0001,2004-05-24,76402.0,101.0,
_250m_16_days_pixel_reliability_2004161_aid0001,aid0001,2004-06-09,76245.0,258.0,
_250m_16_days_pixel_reliability_2004177_aid0001,aid0001,2004-06-25,76215.0,288.0,
_250m_16_days_pixel_reliability_2004193_aid0001,aid0001,2004-07-11,76224.0,279.0,
_250m_16_days_pixel_reliability_2004209_aid0001,aid0001,2004-07-27,76151.0,352.0,
_250m_16_days_pixel_reliability_2004225_aid0001,aid0001,2004-08-12,75942.0,561.0,
_250m_16_days_pixel_reliability_2004241_aid0001,aid0001,2004-08-28,63614.0,12877.0,12.0
_250m_16_days_pixel_reliability_2004257_aid0001,aid0001,2004-09-13,37300.0,38202.0,1001.0
_250m_16_days_pixel_reliability_2004273_aid0001,aid0001,2004-09-29,,72751.0,3752.0
_250m_16_days_pixel_reliability_2004289_aid0001,aid0001,2004-10-15,24.0,31210.0,45269.0
_250m_16_days_pixel_reliability_2004305_aid0001,aid0001,2004-10-31,,61481.0,15022.0
_250m_16_days_pixel_reliability_2004321_aid0001,aid0001,2004-11-16,757.0,25261.0,50485.0
_250m_16_days_pixel_reliability_2004337_aid0001,aid0001,2004-12-02,9104.0,52595.0,14804.0
_250m_16_days_pixel_reliability_2004353_aid0001,aid0001,2004-12-18,7077.0,65305.0,4121.0
_250m_16_days_pixel_reliability_2005001_aid0001,aid0001,2005-01-01,6886.0,61559.0,8058.0
_250m_16_days_pixel_reliability_2005017_aid0001,aid0001,2005-01-17,1301.0,15105.0,60097.0
_250m_16_days_pixel_reliability_2005033_aid0001,aid0001,2005-02-02,,12938.0,63565.0
_250m_16_days_pixel_reliability_2005049_aid0001,aid0001,2005-02-18,24425.0,33854.0,18224.0
_250m_16_days_pixel_reliability_2005065_aid0001,aid0001,2005-03-06,,2282.0,74221.0
_250m_16_days_pixel_reliability_2005081_aid0001,aid0001,2005-03-22,304.0,15961.0,60238.0
_250m_16_days_pixel_reliability_2005097_aid0001,aid0001,2005-04-07,76479.0,24.0,
_250m_16_days_pixel_reliability_2005113_aid0001,aid0001,2005-04-23,67934.0,6130.0,2439.0
_250m_16_days_pixel_reliability_2005129_aid0001,aid0001,2005-05-09,76410.0,89.0,4.0
_250m_16_days_pixel_reliability_2005145_aid0001,aid0001,2005-05-25,76471.0,32.0,
_250m_16_days_pixel_reliability_2005161_aid0001,aid0001,2005-06-10,76387.0,116.0,
_250m_16_days_pixel_reliability_2005177_aid0001,aid0001,2005-06-26,76499.0,4.0,
_250m_16_days_pixel_reliability_2005193_aid0001,aid0001,2005-07-12,76404.0,99.0,
_250m_16_days_pixel_reliability_2005209_aid0001,aid0001,2005-07-28,75599.0,904.0,
_250m_16_days_pixel_reliability_2005225_aid0001,aid0001,2005-08-13,76110.0,393.0,
_250m_16_days_pixel_reliability_2005241_aid0001,aid0001,2005-08-29,66231.0,10272.0,
_250m_16_days_pixel_reliability_2005257_aid0001,aid0001,2005-09-14,16892.0,59603.0,8.0
_250m_16_days_pixel_reliability_2005273_aid0001,aid0001,2005-09-30,137.0,75674.0,692.0
_250m_16_days_pixel_reliability_2005289_aid0001,aid0001,2005-10-16,,64213.0,12290.0
_250m_16_days_pixel_reliability_2005305_aid0001,aid0001,2005-11-01,,66495.0,10008.0
_250m_16_days_pixel_reliability_2005321_aid0001,aid0001,2005-11-17,8020.0,48701.0,19782.0
_250m_16_days_pixel_reliability_2005337_aid0001,aid0001,2005-12-03,27108.0,24631.0,24764.0
_250m_16_days_pixel_reliability_2005353_aid0001,aid0001,2005-12-19,9643.0,26946.0,39913.0
_250m_16_days_pixel_reliability_2006001_aid0001,aid0001,2006-01-01,35670.0,36551.0,4282.0
_250m_16_days_pixel_reliability_2006017_aid0001,aid0001,2006-01-17,1573.0,40219.0,34711.0
_250m_16_days_pixel_reliability_2006033_aid0001,aid0001,2006-02-02,59874.0,14236.0,2393.0
_250m_16_days_pixel_reliability_2006049_aid0001,aid0001,2006-02-18,6399.0,57980.0,12124.0
_250m_16_days_pixel_reliability_2006065_aid0001,aid0001,2006-03-06,15914.0,26686.0,33903.0
_250m_16_days_pixel_reliability_2006081_aid0001,aid0001,2006-03-22,45.0,11841.0,64617.0
_250m_16_days_pixel_reliability_2006097_aid0001,aid0001,2006-04-07,,6393.0,70110.0
_250m_16_days_pixel_reliability_2006113_aid0001,aid0001,2006-04-23,32963.0,24298.0,19242.0
_250m_16_days_pixel_reliability_2006129_aid0001,aid0001,2006-05-09,51433.0,18651.0,6419.0
_250m_16_days_pixel_reliability_2006145_aid0001,aid0001,2006-05-25,76478.0,25.0,
_250m_16_days_pixel_reliability_2006161_aid0001,aid0001,2006-06-10,76503.0,,
_250m_16_days_pixel_reliability_2006177_aid0001,aid0001,2006-06-26,76345.0,158.0,
_250m_16_days_pixel_reliability_2006193_aid0001,aid0001,2006-07-12,76437.0,66.0,
_250m_16_days_pixel_reliability_2006209_aid0001,aid0001,2006-07-28,76317.0,186.0,
_250m_16_days_pixel_reliability_2006225_aid0001,aid0001,2006-08-13,75601.0,902.0,
_250m_16_days_pixel_reliability_2006241_aid0001,aid0001,2006-08-29,74092.0,2411.0,
_250m_16_days_pixel_reliability_2006257_aid0001,aid0001,2006-09-14,60006.0,16396.0,101.0
_250m_16_days_pixel_reliability_2006273_aid0001,aid0001,2006-09-30,3620.0,68187.0,4696.0
_250m_16_days_pixel_reliability_2006289_aid0001,aid0001,2006-10-16,48.0,48397.0,28058.0
_250m_16_days_pixel_reliability_2006305_aid0001,aid0001,2006-11-01,23869.0,41297.0,11337.0
_250m_16_days_pixel_reliability_2006321_aid0001,aid0001,2006-11-17,153.0,44126.0,32224.0
_250m_16_days_pixel_reliability_2006337_aid0001,aid0001,2006-12-03,,23840.0,52663.0
_250m_16_days_pixel_reliability_2006353_aid0001,aid0001,2006-12-19,1898.0,43216.0,31378.0
_250m_16_days_pixel_reliability_2007001_aid0001,aid0001,2007-01-01,2472.0,42281.0,31750.0
_250m_16_days_pixel_reliability_2007017_aid0001,aid0001,2007-01-17,,42936.0,33567.0
_250m_16_days_pixel_reliability_2007033_aid0001,aid0001,2007-02-02,,9718.0,66785.0
_250m_16_days_pixel_reliability_2007049_aid0001,aid0001,2007-02-18,322.0,33124.0,43057.0
_250m_16_days_pixel_reliability_2007065_aid0001,aid0001,2007-03-06,4089.0,26923.0,45491.0
_250m_16_days_pixel_reliability_2007081_aid0001,aid0001,2007-03-22,6927.0,36671.0,32905.0
_250m_16_days_pixel_reliability_2007097_aid0001,aid0001,2007-04-07,65.0,33913.0,42525.0
_250m_16_days_pixel_reliability_2007113_aid0001,aid0001,2007-04-23,21623.0,49594.0,5286.0
_250m_16_days_pixel_reliability_2007129_aid0001,aid0001,2007-05-09,74741.0,1762.0,
_250m_16_days_pixel_reliability_2007145_aid0001,aid0001,2007-05-25,75810.0,669.0,24.0
_250m_16_days_pixel_reliability_2007161_aid0001,aid0001,2007-06-10,76458.0,45.0,
_250m_16_days_pixel_reliability_2007177_aid0001,aid0001,2007-06-26,76405.0,98.0,
_250m_16_days_pixel_reliability_2007193_aid0001,aid0001,2007-07-12,76122.0,381.0,
_250m_16_days_pixel_reliability_2007209_aid0001,aid0001,2007-07-28,76412.0,91.0,
_250m_16_days_pixel_reliability_2007225_aid0001,aid0001,2007-08-13,73449.0,3054.0,
_250m_16_days_pixel_reliability_2007241_aid0001,aid0001,2007-08-29,74810.0,1693.0,
_250m_16_days_pixel_reliability_2007257_aid0001,aid0001,2007-09-14,75148.0,1355.0,
_250m_16_days_pixel_reliability_2007273_aid0001,aid0001,2007-09-30,3435.0,71747.0,1321.0
_250m_16_days_pixel_reliability_2007289_aid0001,aid0001,2007-10-16,109.0,68546.0,7848.0
_250m_16_days_pixel_reliability_2007305_aid0001,aid0001,2007-11-01,,75571.0,932.0
_250m_16_days_pixel_reliability_2007321_aid0001,aid0001,2007-11-17,6303.0,60973.0,9227.0
_250m_16_days_pixel_reliability_2007337_aid0001,aid0001,2007-12-03,6046.0,32655.0,37802.0
_250m_16_days_pixel_reliability_2007353_aid0001,aid0001,2007-12-19,932.0,35404.0,40163.0
_250m_16_days_pixel_reliability_2008001_aid0001,aid0001,2008-01-01,17.0,30267.0,46219.0
_250m_16_days_pixel_reliability_2008017_aid0001,aid0001,2008-01-17,510.0,10299.0,65694.0
_250m_16_days_pixel_reliability_2008033_aid0001,aid0001,2008-02-02,3157.0,26384.0,46962.0
_250m_16_days_pixel_reliability_2008049_aid0001,aid0001,2008-02-18,54.0,26047.0,50402.0
_250m_16_days_pixel_reliability_2008065_aid0001,aid0001,2008-03-05,61748.0,7612.0,7143.0
_250m_16_days_pixel_reliability_2008081_aid0001,aid0001,2008-03-21,,478.0,76025.0
_250m_16_days_pixel_reliability_2008097_aid0001,aid0001,2008-04-06,4430.0,35863.0,36210.0
_250m_16_days_pixel_reliability_2008113_aid0001,aid0001,2008-04-22,4839.0,42133.0,29531.0
_250m_16_days_pixel_reliability_2008129_aid0001,aid0001,2008-05-08,76455.0,48.0,
_250m_16_days_pixel_reliability_2008145_aid0001,aid0001,2008-05-24,76475.0,28.0,
_250m_16_days_pixel_reliability_2008161_aid0001,aid0001,2008-06-09,76374.0,129.0,
_250m_16_days_pixel_reliability_2008177_aid0001,aid0001,2008-06-25,76503.0,,
_250m_16_days_pixel_reliability_2008193_aid0001,aid0001,2008-07-11,76503.0,,
_250m_16_days_pixel_reliability_2008209_aid0001,aid0001,2008-07-27,76088.0,415.0,
_250m_16_days_pixel_reliability_2008225_aid0001,aid0001,2008-08-12,76147.0,356.0,
_250m_16_days_pixel_reliability_2008241_aid0001,aid0001,2008-08-28,75809.0,694.0,
_250m_16_days_pixel_reliability_2008257_aid0001,aid0001,2008-09-13,67400.0,9099.0,4.0
_250m_16_days_pixel_reliability_2008273_aid0001,aid0001,2008-09-29,48468.0,27946.0,89.0
_250m_16_days_pixel_reliability_2008289_aid0001,aid0001,2008-10-15,37389.0,36032.0,3082.0
_250m_16_days_pixel_reliability_2008305_aid0001,aid0001,2008-10-31,3644.0,66491.0,6368.0
_250m_16_days_pixel_reliability_2008321_aid0001,aid0001,2008-11-16,16.0,40922.0,35565.0
_250m_16_days_pixel_reliability_2008337_aid0001,aid0001,2008-12-02,,16611.0,59892.0
_250m_16_days_pixel_reliability_2008353_aid0001,aid0001,2008-12-18,37334.0,28232.0,10937.0
_250m_16_days_pixel_reliability_2009001_aid0001,aid0001,2009-01-01,49109.0,20810.0,6584.0
_250m_16_days_pixel_reliability_2009017_aid0001,aid0001,2009-01-17,15781.0,35881.0,24841.0
_250m_16_days_pixel_reliability_2009033_aid0001,aid0001,2009-02-02,27929.0,30836.0,17738.0
_250m_16_days_pixel_reliability_2009049_aid0001,aid0001,2009-02-18,6083.0,16942.0,53478.0
_250m_16_days_pixel_reliability_2009065_aid0001,aid0001,2009-03-06,,17070.0,59433.0
_250m_16_days_pixel_reliability_2009081_aid0001,aid0001,2009-03-22,,12676.0,63827.0
_250m_16_days_pixel_reliability_2009097_aid0001,aid0001,2009-04-07,2947.0,28462.0,45094.0
_250m_16_days_pixel_reliability_2009113_aid0001,aid0001,2009-04-23,,8450.0,68053.0
_250m_16_days_pixel_reliability_2009129_aid0001,aid0001,2009-05-09,71793.0,3888.0,822.0
_250m_16_days_pixel_reliability_2009145_aid0001,aid0001,2009-05-25,76374.0,129.0,
_250m_16_days_pixel_reliability_2009161_aid0001,aid0001,2009-06-10,76366.0,137.0,
_250m_16_days_pixel_reliability_2009177_aid0001,aid0001,2009-06-26,76503.0,,
_250m_16_days_pixel_reliability_2009193_aid0001,aid0001,2009-07-12,76491.0,12.0,
_250m_16_days_pixel_reliability_2009209_aid0001,aid0001,2009-07-28,76418.0,85.0,
_250m_16_days_pixel_reliability_2009225_aid0001,aid0001,2009-08-13,75711.0,792.0,
_250m_16_days_pixel_reliability_2009241_aid0001,aid0001,2009-08-29,73426.0,3073.0,4.0
_250m_16_days_pixel_reliability_2009257_aid0001,aid0001,2009-09-14,15391.0,60766.0,346.0
_250m_16_days_pixel_reliability_2009273_aid0001,aid0001,2009-09-30,28.0,62166.0,14309.0
_250m_16_days_pixel_reliability_2009289_aid0001,aid0001,2009-10-16,,22431.0,54072.0
_250m_16_days_pixel_reliability_2009305_aid0001,aid0001,2009-11-01,7799.0,58532.0,10172.0
_250m_16_days_pixel_reliability_2009321_aid0001,aid0001,2009-11-17,33455.0,39432.0,3616.0
_250m_16_days_pixel_reliability_2009337_aid0001,aid0001,2009-12-03,914.0,30947.0,44642.0
_250m_16_days_pixel_reliability_2009353_aid0001,aid0001,2009-12-19,6426.0,35916.0,34161.0
_250m_16_days_pixel_reliability_2010001_aid0001,aid0001,2010-01-01,33414.0,22773.0,20316.0
_250m_16_days_pixel_reliability_2010017_aid0001,aid0001,2010-01-17,,20584.0,55915.0
_250m_16_days_pixel_reliability_2010033_aid0001,aid0001,2010-02-02,66289.0,10118.0,96.0
_250m_16_days_pixel_reliability_2010049_aid0001,aid0001,2010-02-18,288.0,17074.0,59141.0
_250m_16_days_pixel_reliability_2010065_aid0001,aid0001,2010-03-06,19315.0,21378.0,35810.0
_250m_16_days_pixel_reliability_2010081_aid0001,aid0001,2010-03-22,17140.0,31520.0,27843.0
_250m_16_days_pixel_reliability_2010097_aid0001,aid0001,2010-04-07,50669.0,16953.0,8881.0
_250m_16_days_pixel_reliability_2010113_aid0001,aid0001,2010-04-23,55807.0,19758.0,938.0
_250m_16_days_pixel_reliability_2010129_aid0001,aid0001,2010-05-09,76230.0,226.0,47.0
_250m_16_days_pixel_reliability_2010145_aid0001,aid0001,2010-05-25,75708.0,795.0,
_250m_16_days_pixel_reliability_2010161_aid0001,aid0001,2010-06-10,76495.0,8.0,
_250m_16_days_pixel_reliability_2010177_aid0001,aid0001,2010-06-26,76418.0,85.0,
_250m_16_days_pixel_reliability_2010193_aid0001,aid0001,2010-07-12,76244.0,259.0,
_250m_16_days_pixel_reliability_2010209_aid0001,aid0001,2010-07-28,76194.0,309.0,
_250m_16_days_pixel_reliability_2010225_aid0001,aid0001,2010-08-13,76264.0,239.0,
_250m_16_days_pixel_reliability_2010241_aid0001,aid0001,2010-08-29,65436.0,11051.0,16.0
_250m_16_days_pixel_reliability_2010257_aid0001,aid0001,2010-09-14,68656.0,7847.0,
_250m_16_days_pixel_reliability_2010273_aid0001,aid0001,2010-09-30,391.0,75668.0,444.0
_250m_16_days_pixel_reliability_2010289_aid0001,aid0001,2010-10-16,31245.0,37323.0,7935.0
_250m_16_days_pixel_reliability_2010305_aid0001,aid0001,2010-11-01,8.0,19842.0,56653.0
_250m_16_days_pixel_reliability_2010321_aid0001,aid0001,2010-11-17,612.0,33797.0,42094.0
_250m_16_days_pixel_reliability_2010337_aid0001,aid0001,2010-12-03,84.0,35809.0,40610.0
_250m_16_days_pixel_reliability_2010353_aid0001,aid0001,2010-12-19,42468.0,31221.0,2813.0
_250m_16_days_pixel_reliability_2011001_aid0001,aid0001,2011-01-01,12746.0,38143.0,25614.0
_250m_16_days_pixel_reliability_2011017_aid0001,aid0001,2011-01-17,2461.0,18255.0,55787.0
_250m_16_days_pixel_reliability_2011033_aid0001,aid0001,2011-02-02,14304.0,18537.0,43662.0
_250m_16_days_pixel_reliability_2011049_aid0001,aid0001,2011-02-18,265.0,14834.0,61404.0
_250m_16_days_pixel_reliability_2011065_aid0001,aid0001,2011-03-06,3775.0,29056.0,43672.0
_250m_16_days_pixel_reliability_2011081_aid0001,aid0001,2011-03-22,,19883.0,56620.0
_250m_16_days_pixel_reliability_2011097_aid0001,aid0001,2011-04-07,26322.0,38404.0,11777.0
_250m_16_days_pixel_reliability_2011113_aid0001,aid0001,2011-04-23,27854.0,47196.0,1453.0
_250m_16_days_pixel_reliability_2011129_aid0001,aid0001,2011-05-09,76403.0,100.0,
_250m_16_days_pixel_reliability_2011145_aid0001,aid0001,2011-05-25,76486.0,17.0,
_250m_16_days_pixel_reliability_2011161_aid0001,aid0001,2011-06-10,76479.0,24.0,
_250m_16_days_pixel_reliability_2011177_aid0001,aid0001,2011-06-26,76463.0,40.0,
_250m_16_days_pixel_reliability_2011193_aid0001,aid0001,2011-07-12,76477.0,26.0,
_250m_16_days_pixel_reliability_2011209_aid0001,aid0001,2011-07-28,76421.0,82.0,
_250m_16_days_pixel_reliability_2011225_aid0001,aid0001,2011-08-13,75802.0,701.0,
_250m_16_days_pixel_reliability_2011241_aid0001,aid0001,2011-08-29,74462.0,2041.0,
_250m_16_days_pixel_reliability_2011257_aid0001,aid0001,2011-09-14,69042.0,7461.0,
_250m_16_days_pixel_reliability_2011273_aid0001,aid0001,2011-09-30,2716.0,63733.0,10054.0
_250m_16_days_pixel_reliability_2011289_aid0001,aid0001,2011-10-16,,75688.0,815.0
_250m_16_days_pixel_reliability_2011305_aid0001,aid0001,2011-11-01,31460.0,33549.0,11494.0
_250m_16_days_pixel_reliability_2011321_aid0001,aid0001,2011-11-17,,38312.0,38191.0
_250m_16_days_pixel_reliability_2011337_aid0001,aid0001,2011-12-03,12557.0,58193.0,5753.0
_250m_16_days_pixel_reliability_2011353_aid0001,aid0001,2011-12-19,6777.0,61856.0,7869.0
_250m_16_days_pixel_reliability_2012001_aid0001,aid0001,2012-01-01,6843.0,56417.0,13243.0
_250m_16_days_pixel_reliability_2012017_aid0001,aid0001,2012-01-17,630.0,24462.0,51411.0
_250m_16_days_pixel_reliability_2012033_aid0001,aid0001,2012-02-02,2207.0,27459.0,46837.0
_250m_16_days_pixel_reliability_2012049_aid0001,aid0001,2012-02-18,,19458.0,57045.0
_250m_16_days_pixel_reliability_2012065_aid0001,aid0001,2012-03-05,,23917.0,52586.0
_250m_16_days_pixel_reliability_2012081_aid0001,aid0001,2012-03-21,49663.0,16832.0,10008.0
_250m_16_days_pixel_reliability_2012097_aid0001,aid0001,2012-04-06,1729.0,50312.0,24462.0
_250m_16_days_pixel_reliability_2012113_aid0001,aid0001,2012-04-22,64424.0,8849.0,3230.0
_250m_16_days_pixel_reliability_2012129_aid0001,aid0001,2012-05-08,71381.0,4217.0,905.0
_250m_16_days_pixel_reliability_2012145_aid0001,aid0001,2012-05-24,76210.0,293.0,
_250m_16_days_pixel_reliability_2012161_aid0001,aid0001,2012-06-09,76419.0,84.0,
_250m_16_days_pixel_reliability_2012177_aid0001,aid0001,2012-06-25,76450.0,53.0,
_250m_16_days_pixel_reliability_2012193_aid0001,aid0001,2012-07-11,76479.0,24.0,
_250m_16_days_pixel_reliability_2012209_aid0001,aid0001,2012-07-27,76153.0,350.0,
_250m_16_days_pixel_reliability_2012225_aid0001,aid0001,2012-08-12,75948.0,555.0,
_250m_16_days_pixel_reliability_2012241_aid0001,aid0001,2012-08-28,69331.0,7172.0,
_250m_16_days_pixel_reliability_2012257_aid0001,aid0001,2012-09-13,60890.0,15613.0,
_250m_16_days_pixel_reliability_2012273_aid0001,aid0001,2012-09-29,7106.0,68628.0,769.0
_250m_16_days_pixel_reliability_2012289_aid0001,aid0001,2012-10-15,60.0,76331.0,112.0
_250m_16_days_pixel_reliability_2012305_aid0001,aid0001,2012-10-31,,26854.0,49649.0
_250m_16_days_pixel_reliability_2012321_aid0001,aid0001,2012-11-16,,23605.0,52898.0
_250m_16_days_pixel_reliability_2012337_aid0001,aid0001,2012-12-02,2138.0,18971.0,55394.0
_250m_16_days_pixel_reliability_2012353_aid0001,aid0001,2012-12-18,40479.0,33030.0,2994.0
_250m_16_days_pixel_reliability_2013001_aid0001,aid0001,2013-01-01,10745.0,53263.0,12495.0
_250m_16_days_pixel_reliability_2013017_aid0001,aid0001,2013-01-17,,2366.0,74137.0
_250m_16_days_pixel_reliability_2013033_aid0001,aid0001,2013-02-02,,19808.0,56695.0
_250m_16_days_pixel_reliability_2013049_aid0001,aid0001,2013-02-18,50572.0,19879.0,6052.0
_250m_16_days_pixel_reliability_2013065_aid0001,aid0001,2013-03-06,,12935.0,63568.0
_250m_16_days_pixel_reliability_2013081_aid0001,aid0001,2013-03-22,10879.0,34674.0,30950.0
_250m_16_days_pixel_reliability_2013097_aid0001,aid0001,2013-04-07,,28898.0,47605.0
_250m_16_days_pixel_reliability_2013113_aid0001,aid0001,2013-04-23,3960.0,43131.0,29412.0
_250m_16_days_pixel_reliability_2013129_aid0001,aid0001,2013-05-09,76445.0,54.0,4.0
_250m_16_days_pixel_reliability_2013145_aid0001,aid0001,2013-05-25,60569.0,15715.0,219.0
_250m_16_days_pixel_reliability_2013161_aid0001,aid0001,2013-06-10,76503.0,,
_250m_16_days_pixel_reliability_2013177_aid0001,aid0001,2013-06-26,76487.0,16.0,
_250m_16_days_pixel_reliability_2013193_aid0001,aid0001,2013-07-12,76410.0,93.0,
_250m_16_days_pixel_reliability_2013209_aid0001,aid0001,2013-07-28,76229.0,274.0,
_250m_16_days_pixel_reliability_2013225_aid0001,aid0001,2013-08-13,76172.0,331.0,
_250m_16_days_pixel_reliability_2013241_aid0001,aid0001,2013-08-29,64906.0,11296.0,301.0
_250m_16_days_pixel_reliability_2013257_aid0001,aid0001,2013-09-14,46859.0,28502.0,1142.0
_250m_16_days_pixel_reliability_2013273_aid0001,aid0001,2013-09-30,56407.0,19915.0,181.0
_250m_16_days_pixel_reliability_2013289_aid0001,aid0001,2013-10-16,,12174.0,64329.0
_250m_16_days_pixel_reliability_2013305_aid0001,aid0001,2013-11-01,,21596.0,54907.0
_250m_16_days_pixel_reliability_2013321_aid0001,aid0001,2013-11-17,39287.0,34453.0,2763.0
_250m_16_days_pixel_reliability_2013337_aid0001,aid0001,2013-12-03,1464.0,58829.0,16210.0
_250m_16_days_pixel_reliability_2013353_aid0001,aid0001,2013-12-19,19179.0,45258.0,12065.0
_250m_16_days_pixel_reliability_2014001_aid0001,aid0001,2014-01-01,19372.0,49696.0,7435.0
_250m_16_days_pixel_reliability_2014017_aid0001,aid0001,2014-01-17,66477.0,4899.0,5127.0
_250m_16_days_pixel_reliability_2014033_aid0001,aid0001,2014-02-02,,7495.0,69008.0
_250m_16_days_pixel_reliability_2014049_aid0001,aid0001,2014-02-18,32510.0,27366.0,16627.0
_250m_16_days_pixel_reliability_2014065_aid0001,aid0001,2014-03-06,3082.0,30006.0,43415.0
_250m_16_days_pixel_reliability_2014081_aid0001,aid0001,2014-03-22,11903.0,38225.0,26375.0
_250m_16_days_pixel_reliability_2014097_aid0001,aid0001,2014-04-07,,15704.0,60799.0
_250m_16_days_pixel_reliability_2014113_aid0001,aid0001,2014-04-23,69872.0,6631.0,
_250m_16_days_pixel_reliability_2014129_aid0001,aid0001,2014-05-09,53549.0,18663.0,4291.0
_250m_16_days_pixel_reliability_2014145_aid0001,aid0001,2014-05-25,76503.0,,
_250m_16_days_pixel_reliability_2014161_aid0001,aid0001,2014-06-10,76495.0,8.0,
_250m_16_days_pixel_reliability_2014177_aid0001,aid0001,2014-06-26,76269.0,234.0,
_250m_16_days_pixel_reliability_2014193_aid0001,aid0001,2014-07-12,76240.0,263.0,
_250m_16_days_pixel_reliability_2014209_aid0001,aid0001,2014-07-28,76033.0,470.0,
_250m_16_days_pixel_reliability_2014225_aid0001,aid0001,2014-08-13,76316.0,187.0,
_250m_16_days_pixel_reliability_2014241_aid0001,aid0001,2014-08-29,73471.0,3020.0,12.0
_250m_16_days_pixel_reliability_2014257_aid0001,aid0001,2014-09-14,2923.0,73118.0,462.0
_250m_16_days_pixel_reliability_2014273_aid0001,aid0001,2014-09-30,69599.0,6652.0,252.0
_250m_16_days_pixel_reliability_2014289_aid0001,aid0001,2014-10-16,,38166.0,38337.0
_250m_16_days_pixel_reliability_2014305_aid0001,aid0001,2014-11-01,156.0,66810.0,9537.0
_250m_16_days_pixel_reliability_2014321_aid0001,aid0001,2014-11-17,443.0,64057.0,12003.0
_250m_16_days_pixel_reliability_2014337_aid0001,aid0001,2014-12-03,30014.0,32691.0,13798.0
_250m_16_days_pixel_reliability_2014353_aid0001,aid0001,2014-12-19,65812.0,10599.0,92.0
_250m_16_days_pixel_reliability_2015001_aid0001,aid0001,2015-01-01,518.0,26739.0,49246.0
_250m_16_days_pixel_reliability_2015017_aid0001,aid0001,2015-01-17,3408.0,34994.0,38101.0
_250m_16_days_pixel_reliability_2015033_aid0001,aid0001,2015-02-02,230.0,23435.0,52838.0
_250m_16_days_pixel_reliability_2015049_aid0001,aid0001,2015-02-18,4204.0,22582.0,49717.0
_250m_16_days_pixel_reliability_2015065_aid0001,aid0001,2015-03-06,,19805.0,56698.0
_250m_16_days_pixel_reliability_2015081_aid0001,aid0001,2015-03-22,,19641.0,56862.0
_250m_16_days_pixel_reliability_2015097_aid0001,aid0001,2015-04-07,,17831.0,58672.0
_250m_16_days_pixel_reliability_2015113_aid0001,aid0001,2015-04-23,,46627.0,29876.0
_250m_16_days_pixel_reliability_2015129_aid0001,aid0001,2015-05-09,75550.0,949.0,4.0
_250m_16_days_pixel_reliability_2015145_aid0001,aid0001,2015-05-25,63416.0,12736.0,351.0
_250m_16_days_pixel_reliability_2015161_aid0001,aid0001,2015-06-10,76311.0,192.0,
_250m_16_days_pixel_reliability_2015177_aid0001,aid0001,2015-06-26,76237.0,266.0,
_250m_16_days_pixel_reliability_2015193_aid0001,aid0001,2015-07-12,75929.0,574.0,
_250m_16_days_pixel_reliability_2015209_aid0001,aid0001,2015-07-28,75886.0,617.0,
_250m_16_days_pixel_reliability_2015225_aid0001,aid0001,2015-08-13,74959.0,1544.0,
_250m_16_days_pixel_reliability_2015241_aid0001,aid0001,2015-08-29,46974.0,29496.0,33.0
_250m_16_days_pixel_reliability_2015257_aid0001,aid0001,2015-09-14,49827.0,26676.0,
_250m_16_days_pixel_reliability_2015273_aid0001,aid0001,2015-09-30,13908.0,62100.0,495.0
_250m_16_days_pixel_reliability_2015289_aid0001,aid0001,2015-10-16,303.0,75778.0,422.0
_250m_16_days_pixel_reliability_2015305_aid0001,aid0001,2015-11-01,,76202.0,301.0
_250m_16_days_pixel_reliability_2015321_aid0001,aid0001,2015-11-17,,76456.0,47.0
_250m_16_days_pixel_reliability_2015337_aid0001,aid0001,2015-12-03,,62951.0,13552.0
_250m_16_days_pixel_reliability_2015353_aid0001,aid0001,2015-12-19,,40907.0,35596.0
_250m_16_days_pixel_reliability_2016001_aid0001,aid0001,2016-01-01,,35897.0,40606.0
_250m_16_days_pixel_reliability_2016017_aid0001,aid0001,2016-01-17,5876.0,46718.0,23909.0
_250m_16_days_pixel_reliability_2016033_aid0001,aid0001,2016-02-02,73832.0,2671.0,
_250m_16_days_pixel_reliability_2016049_aid0001,aid0001,2016-02-18,65748.0,9460.0,1295.0
_250m_16_days_pixel_reliability_2016065_aid0001,aid0001,2016-03-05,,21919.0,54584.0
_250m_16_days_pixel_reliability_2016081_aid0001,aid0001,2016-03-21,,19269.0,57234.0
_250m_16_days_pixel_reliability_2016097_aid0001,aid0001,2016-04-06,60946.0,12412.0,3145.0
_250m_16_days_pixel_reliability_2016113_aid0001,aid0001,2016-04-22,9922.0,61164.0,5417.0
_250m_16_days_pixel_reliability_2016129_aid0001,aid0001,2016-05-08,75401.0,1102.0,
_250m_16_days_pixel_reliability_2016145_aid0001,aid0001,2016-05-24,73307.0,3192.0,4.0
_250m_16_days_pixel_reliability_2016161_aid0001,aid0001,2016-06-09,76466.0,37.0,
_250m_16_days_pixel_reliability_2016177_aid0001,aid0001,2016-06-25,76503.0,,
_250m_16_days_pixel_reliability_2016193_aid0001,aid0001,2016-07-11,76418.0,85.0,
_250m_16_days_pixel_reliability_2016209_aid0001,aid0001,2016-07-27,76249.0,254.0,
_250m_16_days_pixel_reliability_2016225_aid0001,aid0001,2016-08-12,72846.0,3653.0,4.0
_250m_16_days_pixel_reliability_2016241_aid0001,aid0001,2016-08-28,73493.0,3010.0,
_250m_16_days_pixel_reliability_2016257_aid0001,aid0001,2016-09-13,5966.0,69912.0,625.0
_250m_16_days_pixel_reliability_2016273_aid0001,aid0001,2016-09-29,26791.0,49675.0,37.0
_250m_16_days_pixel_reliability_2016289_aid0001,aid0001,2016-10-15,6647.0,68537.0,1319.0
_250m_16_days_pixel_reliability_2016305_aid0001,aid0001,2016-10-31,16.0,74397.0,2090.0
_250m_16_days_pixel_reliability_2016321_aid0001,aid0001,2016-11-16,,75890.0,613.0
_250m_16_days_pixel_reliability_2016337_aid0001,aid0001,2016-12-02,,17826.0,58677.0
_250m_16_days_pixel_reliability_2016353_aid0001,aid0001,2016-12-18,,27900.0,48603.0
_250m_16_days_pixel_reliability_2017001_aid0001,aid0001,2017-01-01,220.0,35098.0,41185.0
_250m_16_days_pixel_reliability_2017017_aid0001,aid0001,2017-01-17,47847.0,23201.0,5455.0
_250m_16_days_pixel_reliability_2017033_aid0001,aid0001,2017-02-02,,12511.0,63992.0
_250m_16_days_pixel_reliability_2017049_aid0001,aid0001,2017-02-18,17831.0,48876.0,9796.0
_250m_16_days_pixel_reliability_2017065_aid0001,aid0001,2017-03-06,574.0,8045.0,67884.0
_250m_16_days_pixel_reliability_2017081_aid0001,aid0001,2017-03-22,3645.0,38909.0,33949.0
_250m_16_days_pixel_reliability_2017097_aid0001,aid0001,2017-04-07,13937.0,43735.0,18831.0
_250m_16_days_pixel_reliability_2017113_aid0001,aid0001,2017-04-23,66041.0,7274.0,3188.0
_250m_16_days_pixel_reliability_2017129_aid0001,aid0001,2017-05-09,72540.0,3913.0,50.0
_250m_16_days_pixel_reliability_2017145_aid0001,aid0001,2017-05-25,76102.0,401.0,
_250m_16_days_pixel_reliability_2017161_aid0001,aid0001,2017-06-10,76306.0,197.0,
_250m_16_days_pixel_reliability_2017177_aid0001,aid0001,2017-06-26,76298.0,205.0,
_250m_16_days_pixel_reliability_2017193_aid0001,aid0001,2017-07-12,76376.0,127.0,
_250m_16_days_pixel_reliability_2017209_aid0001,aid0001,2017-07-28,76365.0,138.0,
_250m_16_days_pixel_reliability_2017225_aid0001,aid0001,2017-08-13,76129.0,374.0,
_250m_16_days_pixel_reliability_2017241_aid0001,aid0001,2017-08-29,75397.0,1106.0,
_250m_16_days_pixel_reliability_2017257_aid0001,aid0001,2017-09-14,72515.0,3987.0,1.0
_250m_16_days_pixel_reliability_2017273_aid0001,aid0001,2017-09-30,3543.0,72027.0,933.0
_250m_16_days_pixel_reliability_2017289_aid0001,aid0001,2017-10-16,38753.0,36528.0,1222.0
_250m_16_days_pixel_reliability_2017305_aid0001,aid0001,2017-11-01,133.0,66520.0,9850.0
_250m_16_days_pixel_reliability_2017321_aid0001,aid0001,2017-11-17,51089.0,21009.0,4405.0
_250m_16_days_pixel_reliability_2017337_aid0001,aid0001,2017-12-03,6018.0,52171.0,18314.0
_250m_16_days_pixel_reliability_2017353_aid0001,aid0001,2017-12-19,524.0,43802.0,32175.0
_250m_16_days_pixel_reliability_2018001_aid0001,aid0001,2018-01-01,48.0,26616.0,49839.0
_250m_16_days_pixel_reliability_2018017_aid0001,aid0001,2018-01-17,16795.0,42855.0,16851.0
_250m_16_days_pixel_reliability_2018033_aid0001,aid0001,2018-02-02,22022.0,26341.0,28140.0
_250m_16_days_pixel_reliability_2018049_aid0001,aid0001,2018-02-18,57507.0,11711.0,7285.0
_250m_16_days_pixel_reliability_2018065_aid0001,aid0001,2018-03-06,,16533.0,59964.0
_250m_16_days_pixel_reliability_2018081_aid0001,aid0001,2018-03-22,57913.0,13892.0,4698.0
_250m_16_days_pixel_reliability_2018097_aid0001,aid0001,2018-04-07,42416.0,24821.0,9266.0
_250m_16_days_pixel_reliability_2018113_aid0001,aid0001,2018-04-23,36330.0,37890.0,2283.0
_250m_16_days_pixel_reliability_2018129_aid0001,aid0001,2018-05-09,75881.0,622.0,
_250m_16_days_pixel_reliability_2018145_aid0001,aid0001,2018-05-25,76463.0,40.0,
_250m_16_days_pixel_reliability_2018161_aid0001,aid0001,2018-06-10,76435.0,68.0,
_250m_16_days_pixel_reliability_2018177_aid0001,aid0001,2018-06-26,76443.0,60.0,
_250m_16_days_pixel_reliability_2018193_aid0001,aid0001,2018-07-12,76471.0,32.0,
_250m_16_days_pixel_reliability_2018209_aid0001,aid0001,2018-07-28,75825.0,678.0,
_250m_16_days_pixel_reliability_2018225_aid0001,aid0001,2018-08-13,75439.0,1064.0,
_250m_16_days_pixel_reliability_2018241_aid0001,aid0001,2018-08-29,72927.0,3576.0,
_250m_16_days_pixel_reliability_2018257_aid0001,aid0001,2018-09-14,32469.0,43959.0,75.0
_250m_16_days_pixel_reliability_2018273_aid0001,aid0001,2018-09-30,44.0,60635.0,15822.0
_250m_16_days_pixel_reliability_2018289_aid0001,aid0001,2018-10-16,3870.0,72300.0,333.0
_250m_16_days_pixel_reliability_2018305_aid0001,aid0001,2018-11-01,,29428.0,47074.0
_250m_16_days_pixel_reliability_2018321_aid0001,aid0001,2018-11-17,8610.0,65280.0,2613.0
_250m_16_days_pixel_reliability_2018337_aid0001,aid0001,2018-12-03,30043.0,34793.0,11667.0
_250m_16_days_pixel_reliability_2018353_aid0001,aid0001,2018-12-19,41373.0,35076.0,54.0
_250m_16_days_pixel_reliability_2019001_aid0001,aid0001,2019-01-01,1469.0,72034.0,3000.0
_250m_16_days_pixel_reliability_2019017_aid0001,aid0001,2019-01-17,1946.0,33671.0,40885.0
_250m_16_days_pixel_reliability_2019033_aid0001,aid0001,2019-02-02,641.0,22084.0,53777.0
_250m_16_days_pixel_reliability_2019049_aid0001,aid0001,2019-02-18,2754.0,14234.0,59106.0
_250m_16_days_pixel_reliability_2019065_aid0001,aid0001,2019-03-06,70.0,14340.0,62079.0
_250m_16_days_pixel_reliability_2019081_aid0001,aid0001,2019-03-22,21606.0,36293.0,18604.0
_250m_16_days_pixel_reliability_2019097_aid0001,aid0001,2019-04-07,,33194.0,43304.0
_250m_16_days_pixel_reliability_2019113_aid0001,aid0001,2019-04-23,75852.0,622.0,29.0
_250m_16_days_pixel_reliability_2019129_aid0001,aid0001,2019-05-09,35386.0,33941.0,7176.0
_250m_16_days_pixel_reliability_2019145_aid0001,aid0001,2019-05-25,75600.0,903.0,
_250m_16_days_pixel_reliability_2019161_aid0001,aid0001,2019-06-10,76503.0,,
_250m_16_days_pixel_reliability_2019177_aid0001,aid0001,2019-06-26,76380.0,123.0,
_250m_16_days_pixel_reliability_2019193_aid0001,aid0001,2019-07-12,76140.0,363.0,
_250m_16_days_pixel_reliability_2019209_aid0001,aid0001,2019-07-28,76201.0,302.0,
_250m_16_days_pixel_reliability_2019225_aid0001,aid0001,2019-08-13,75463.0,1040.0,
_250m_16_days_pixel_reliability_2019241_aid0001,aid0001,2019-08-29,75315.0,1188.0,
_250m_16_days_pixel_reliability_2019257_aid0001,aid0001,2019-09-14,39870.0,36395.0,238.0
_250m_16_days_pixel_reliability_2019273_aid0001,aid0001,2019-09-30,374.0,53488.0,22640.0
_250m_16_days_pixel_reliability_2019289_aid0001,aid0001,2019-10-16,,75065.0,1438.0
_250m_16_days_pixel_reliability_2019305_aid0001,aid0001,2019-11-01,,33969.0,42529.0
_250m_16_days_pixel_reliability_2019321_aid0001,aid0001,2019-11-17,,41520.0,34973.0
_250m_16_days_pixel_reliability_2019337_aid0001,aid0001,2019-12-03,64.0,46725.0,29711.0
_250m_16_days_pixel_reliability_2019353_aid0001,aid0001,2019-12-19,16.0,43972.0,32513.0
_250m_16_days_pixel_reliability_2020001_aid0001,aid0001,2020-01-01,16.0,16683.0,59799.0
_250m_16_days_pixel_reliability_2020017_aid0001,aid0001,2020-01-17,12328.0,41400.0,22775.0
_250m_16_days_pixel_reliability_2020033_aid0001,aid0001,2020-02-02,697.0,16577.0,59224.0
_250m_16_days_pixel_reliability_2020049_aid0001,aid0001,2020-02-18,,10467.0,66033.0
_250m_16_days_pixel_reliability_2020065_aid0001,aid0001,2020-03-05,3766.0,31595.0,41137.0
_250m_16_days_pixel_reliability_2020081_aid0001,aid0001,2020-03-21,35530.0,36831.0,4141.0
_250m_16_days_pixel_reliability_2020097_aid0001,aid0001,2020-04-06,71546.0,4128.0,829.0
_250m_16_days_pixel_reliability_2020113_aid0001,aid0001,2020-04-22,72841.0,3638.0,24.0
_250m_16_days_pixel_reliability_2020129_aid0001,aid0001,2020-05-08,76130.0,373.0,
_250m_16_days_pixel_reliability_2020145_aid0001,aid0001,2020-05-24,75712.0,791.0,
_250m_16_days_pixel_reliability_2020161_aid0001,aid0001,2020-06-09,76353.0,150.0,
_250m_16_days_pixel_reliability_2020177_aid0001,aid0001,2020-06-25,76388.0,115.0,
_250m_16_days_pixel_reliability_2020193_aid0001,aid0001,2020-07-11,76292.0,211.0,
_250m_16_days_pixel_reliability_2020209_aid0001,aid0001,2020-07-27,76030.0,473.0,
_250m_16_days_pixel_reliability_2020225_aid0001,aid0001,2020-08-12,67003.0,9484.0,16.0
_250m_16_days_pixel_reliability_2020241_aid0001,aid0001,2020-08-28,75555.0,948.0,
_250m_16_days_pixel_reliability_2020257_aid0001,aid0001,2020-09-13,68208.0,8291.0,4.0
_250m_16_days_pixel_reliability_2020273_aid0001,aid0001,2020-09-29,370.0,75790.0,343.0
_250m_16_days_pixel_reliability_2020289_aid0001,aid0001,2020-10-15,141.0,69069.0,7293.0
_250m_16_days_pixel_reliability_2020305_aid0001,aid0001,2020-10-31,14038.0,35227.0,27238.0
_250m_16_days_pixel_reliability_2020321_aid0001,aid0001,2020-11-16,4457.0,68115.0,3931.0
_250m_16_days_pixel_reliability_2020337_aid0001,aid0001,2020-12-02,,17584.0,58917.0
_250m_16_days_pixel_reliability_2020353_aid0001,aid0001,2020-12-18,169.0,24802.0,51529.0
_250m_16_days_pixel_reliability_2021001_aid0001,aid0001,2021-01-01,5662.0,41078.0,29754.0
_250m_16_days_pixel_reliability_2021017_aid0001,aid0001,2021-01-17,40022.0,32303.0,4176.0
_250m_16_days_pixel_reliability_2021033_aid0001,aid0001,2021-02-02,,25664.0,50839.0
_250m_16_days_pixel_reliability_2021049_aid0001,aid0001,2021-02-18,20.0,25334.0,51142.0
_250m_16_days_pixel_reliability_2021065_aid0001,aid0001,2021-03-06,,17146.0,59355.0
_250m_16_days_pixel_reliability_2021081_aid0001,aid0001,2021-03-22,27662.0,34637.0,14204.0
_250m_16_days_pixel_reliability_2021097_aid0001,aid0001,2021-04-07,44565.0,27489.0,4449.0
_250m_16_days_pixel_reliability_2021113_aid0001,aid0001,2021-04-23,11172.0,51325.0,14006.0
_250m_16_days_pixel_reliability_2021129_aid0001,aid0001,2021-05-09,75944.0,559.0,
_250m_16_days_pixel_reliability_2021145_aid0001,aid0001,2021-05-25,76342.0,161.0,
_250m_16_days_pixel_reliability_2021161_aid0001,aid0001,2021-06-10,74768.0,1735.0,
_250m_16_days_pixel_reliability_2021177_aid0001,aid0001,2021-06-26,76401.0,102.0,
_250m_16_days_pixel_reliability_2021193_aid0001,aid0001,2021-07-12,76220.0,283.0,
_250m_16_days_pixel_reliability_2021209_aid0001,aid0001,2021-07-28,75348.0,1155.0,
_250m_16_days_pixel_reliability_2021225_aid0001,aid0001,2021-08-13,75150.0,1353.0,
_250m_16_days_pixel_reliability_2021241_aid0001,aid0001,2021-08-29,18414.0,57391.0,698.0
_250m_16_days_pixel_reliability_2021257_aid0001,aid0001,2021-09-14,,75353.0,1150.0
_250m_16_days_pixel_reliability_2021273_aid0001,aid0001,2021-09-30,,17729.0,58773.0
_250m_16_days_pixel_reliability_2021289_aid0001,aid0001,2021-10-16,10279.0,55077.0,11146.0
_250m_16_days_pixel_reliability_2021305_aid0001,aid0001,2021-11-01,,11756.0,64737.0
_250m_16_days_pixel_reliability_2021321_aid0001,aid0001,2021-11-17,,30048.0,46446.0
_250m_16_days_pixel_reliability_2021337_aid0001,aid0001,2021-12-03,,22631.0,53854.0
_250m_16_days_pixel_reliability_2021353_aid0001,aid0001,2021-12-19,1081.0,29821.0,45600.0
_250m_16_days_pixel_reliability_2022001_aid0001,aid0001,2022-01-01,7095.0,65239.0,4169.0
_250m_16_days_pixel_reliability_2022017_aid0001,aid0001,2022-01-17,49179.0,26024.0,1300.0
_250m_16_days_pixel_reliability_2022033_aid0001,aid0001,2022-02-02,,40043.0,36458.0
_250m_16_days_pixel_reliability_2022049_aid0001,aid0001,2022-02-18,9347.0,36402.0,30749.0
_250m_16_days_pixel_reliability_2022065_aid0001,aid0001,2022-03-06,,15725.0,60769.0
_250m_16_days_pixel_reliability_2022081_aid0001,aid0001,2022-03-22,511.0,29002.0,46990.0
_250m_16_days_pixel_reliability_2022097_aid0001,aid0001,2022-04-07,,34607.0,41887.0
_250m_16_days_pixel_reliability_2022113_aid0001,aid0001,2022-04-23,14072.0,61032.0,1399.0
_250m_16_days_pixel_reliability_2022129_aid0001,aid0001,2022-05-09,6105.0,59069.0,11329.0
_250m_16_days_pixel_reliability_2022145_aid0001,aid0001,2022-05-25,75742.0,741.0,20.0
_250m_16_days_pixel_reliability_2022161_aid0001,aid0001,2022-06-10,76067.0,436.0,
_250m_16_days_pixel_reliability_2022177_aid0001,aid0001,2022-06-26,76369.0,134.0,
_250m_16_days_pixel_reliability_2022193_aid0001,aid0001,2022-07-12,76314.0,189.0,
_250m_16_days_pixel_reliability_2022209_aid0001,aid0001,2022-07-28,75795.0,708.0,
_250m_16_days_pixel_reliability_2022225_aid0001,aid0001,2022-08-13,76323.0,180.0,
