File Name,Dataset,aid,Date,Count,Minimum,Maximum,Range,Mean,Standard Deviation,Variance,Upper Quartile,Upper 1.5 IQR,Median,Lower 1.5 IQR,Lower Quartile
MOD13Q1_006__250m_16_days_NDVI_doy2000049_aid0001,_250m_16_days_NDVI,aid0001,2000-02-18,75210.0,-0.0716,0.9995,"(-0.0716,0.9995)",0.3993807,0.2355629,0.0554899,0.5707,0.9995,0.4084,-0.0716,0.2029
MOD13Q1_006__250m_16_days_NDVI_doy2000065_aid0001,_250m_16_days_NDVI,aid0001,2000-03-05,75884.0,-0.011,0.9992,"(-0.011,0.9992)",0.5568337,0.2083997,0.0434304,0.7229,0.9992,0.5752,0.0066,0.4363
MOD13Q1_006__250m_16_days_NDVI_doy2000081_aid0001,_250m_16_days_NDVI,aid0001,2000-03-21,76411.0,0.0167,0.9954,"(0.0167,0.9954)",0.6497888,0.1358511,0.0184555,0.7646,0.9954,0.6641,0.2419,0.5555
MOD13Q1_006__250m_16_days_NDVI_doy2000097_aid0001,_250m_16_days_NDVI,aid0001,2000-04-06,75685.0,0.005,0.9993,"(0.005,0.9993)",0.5066092,0.2066721,0.0427134,0.6562,0.9993,0.5194,0.005,0.3737
MOD13Q1_006__250m_16_days_NDVI_doy2000113_aid0001,_250m_16_days_NDVI,aid0001,2000-04-22,76503.0,0.0887,0.899,"(0.0887,0.899)",0.6107267,0.1495072,0.0223524,0.7522,0.899,0.6071,0.0887,0.4806
MOD13Q1_006__250m_16_days_NDVI_doy2000129_aid0001,_250m_16_days_NDVI,aid0001,2000-05-08,76488.0,0.1908,0.9684,"(0.1908,0.9684)",0.6034315,0.1441118,0.0207682,0.7372,0.9684,0.5986,0.1908,0.4792
MOD13Q1_006__250m_16_days_NDVI_doy2000145_aid0001,_250m_16_days_NDVI,aid0001,2000-05-24,76503.0,0.1728,0.9463,"(0.1728,0.9463)",0.5890405,0.1514846,0.0229476,0.7265,0.9463,0.5855,0.1728,0.4602
MOD13Q1_006__250m_16_days_NDVI_doy2000161_aid0001,_250m_16_days_NDVI,aid0001,2000-06-09,76481.0,0.1615,0.9839,"(0.1615,0.9839)",0.5696179,0.1482075,0.0219655,0.6974,0.9839,0.5674,0.1615,0.4469
MOD13Q1_006__250m_16_days_NDVI_doy2000177_aid0001,_250m_16_days_NDVI,aid0001,2000-06-25,76495.0,0.1465,0.9207,"(0.1465,0.9207)",0.529136,0.1574481,0.0247899,0.6608,0.9207,0.5267,0.1465,0.4022
MOD13Q1_006__250m_16_days_NDVI_doy2000193_aid0001,_250m_16_days_NDVI,aid0001,2000-07-11,76499.0,0.1349,0.9026,"(0.1349,0.9026)",0.5263912,0.1546619,0.0239203,0.6515,0.9026,0.5267,0.1349,0.4046
MOD13Q1_006__250m_16_days_NDVI_doy2000209_aid0001,_250m_16_days_NDVI,aid0001,2000-07-27,76503.0,0.1537,0.8623,"(0.1537,0.8623)",0.5082914,0.1459927,0.0213139,0.6245,0.8623,0.5064,0.1537,0.3942
MOD13Q1_006__250m_16_days_NDVI_doy2000225_aid0001,_250m_16_days_NDVI,aid0001,2000-08-12,76503.0,0.1492,0.9083,"(0.1492,0.9083)",0.51198,0.1447055,0.0209397,0.6226,0.9083,0.5154,0.1492,0.4012
MOD13Q1_006__250m_16_days_NDVI_doy2000241_aid0001,_250m_16_days_NDVI,aid0001,2000-08-28,76503.0,0.1563,0.9139,"(0.1563,0.9139)",0.4890131,0.1408025,0.0198253,0.5945,0.9139,0.4882,0.1563,0.3796
MOD13Q1_006__250m_16_days_NDVI_doy2000257_aid0001,_250m_16_days_NDVI,aid0001,2000-09-13,76503.0,0.1678,0.9983,"(0.1678,0.9983)",0.5252792,0.1378131,0.0189925,0.6333,0.9475,0.5263,0.1678,0.4188
MOD13Q1_006__250m_16_days_NDVI_doy2000273_aid0001,_250m_16_days_NDVI,aid0001,2000-09-29,76479.0,0.0194,0.9839,"(0.0194,0.9839)",0.5398965,0.1552603,0.0241057,0.6664,0.9839,0.5364,0.039,0.4152
MOD13Q1_006__250m_16_days_NDVI_doy2000289_aid0001,_250m_16_days_NDVI,aid0001,2000-10-15,75956.0,-0.0152,0.9986,"(-0.0152,0.9986)",0.5029893,0.1921524,0.0369226,0.6503,0.9986,0.5148,0.0058,0.3854
MOD13Q1_006__250m_16_days_NDVI_doy2000305_aid0001,_250m_16_days_NDVI,aid0001,2000-10-31,76436.0,0.0387,0.9977,"(0.0387,0.9977)",0.566723,0.1521423,0.0231473,0.6939,0.9977,0.56165,0.0771,0.446
MOD13Q1_006__250m_16_days_NDVI_doy2000321_aid0001,_250m_16_days_NDVI,aid0001,2000-11-16,76373.0,0.0173,0.9986,"(0.0173,0.9986)",0.5942351,0.1497776,0.0224333,0.7244,0.9986,0.5922,0.0997,0.4743
MOD13Q1_006__250m_16_days_NDVI_doy2000337_aid0001,_250m_16_days_NDVI,aid0001,2000-12-02,75938.0,-0.0112,0.9987,"(-0.0112,0.9987)",0.5300221,0.203846,0.0415532,0.689,0.9987,0.5508,-0.0112,0.3856
MOD13Q1_006__250m_16_days_NDVI_doy2000353_aid0001,_250m_16_days_NDVI,aid0001,2000-12-18,76503.0,0.0709,0.9993,"(0.0709,0.9993)",0.6472159,0.1425529,0.0203213,0.7749,0.9993,0.6481,0.1665,0.5315
MOD13Q1_006__250m_16_days_NDVI_doy2001001_aid0001,_250m_16_days_NDVI,aid0001,2001-01-01,76353.0,0.0396,0.9995,"(0.0396,0.9995)",0.6302909,0.1465424,0.0214747,0.7522,0.9995,0.6296,0.1911,0.5277
MOD13Q1_006__250m_16_days_NDVI_doy2001017_aid0001,_250m_16_days_NDVI,aid0001,2001-01-17,74772.0,-0.0071,0.9993,"(-0.0071,0.9993)",0.5023389,0.2185565,0.0477669,0.667,0.9993,0.51915,-0.0071,0.3505
MOD13Q1_006__250m_16_days_NDVI_doy2001033_aid0001,_250m_16_days_NDVI,aid0001,2001-02-02,76054.0,0.0058,0.9969,"(0.0058,0.9969)",0.5872493,0.1824833,0.0333002,0.7352,0.9969,0.59,0.0786,0.4725
MOD13Q1_006__250m_16_days_NDVI_doy2001049_aid0001,_250m_16_days_NDVI,aid0001,2001-02-18,76128.0,0.0082,0.9942,"(0.0082,0.9942)",0.5593656,0.1938226,0.0375672,0.703325,0.9942,0.5868,0.1196,0.4698
MOD13Q1_006__250m_16_days_NDVI_doy2001065_aid0001,_250m_16_days_NDVI,aid0001,2001-03-06,76041.0,0.0074,0.9985,"(0.0074,0.9985)",0.5759784,0.170135,0.0289459,0.7141,0.9985,0.584,0.0917,0.4651
MOD13Q1_006__250m_16_days_NDVI_doy2001081_aid0001,_250m_16_days_NDVI,aid0001,2001-03-22,76383.0,0.0076,0.9989,"(0.0076,0.9989)",0.4837354,0.1835384,0.0336864,0.6275,0.9989,0.4768,0.0076,0.3556
MOD13Q1_006__250m_16_days_NDVI_doy2001097_aid0001,_250m_16_days_NDVI,aid0001,2001-04-07,75866.0,-0.0073,0.9983,"(-0.0073,0.9983)",0.5739692,0.184022,0.0338641,0.715,0.9983,0.586,0.0876,0.464
MOD13Q1_006__250m_16_days_NDVI_doy2001113_aid0001,_250m_16_days_NDVI,aid0001,2001-04-23,76503.0,0.1746,0.9419,"(0.1746,0.9419)",0.6149493,0.1335061,0.0178239,0.7349,0.9419,0.6132,0.1746,0.5047
MOD13Q1_006__250m_16_days_NDVI_doy2001129_aid0001,_250m_16_days_NDVI,aid0001,2001-05-09,76322.0,0.0174,0.9992,"(0.0174,0.9992)",0.6166015,0.1531662,0.0234599,0.749,0.9992,0.6224,0.1394,0.5051
MOD13Q1_006__250m_16_days_NDVI_doy2001145_aid0001,_250m_16_days_NDVI,aid0001,2001-05-25,76501.0,0.1751,0.9773,"(0.1751,0.9773)",0.586428,0.1400588,0.0196165,0.7101,0.9773,0.5843,0.1751,0.4687
MOD13Q1_006__250m_16_days_NDVI_doy2001161_aid0001,_250m_16_days_NDVI,aid0001,2001-06-10,76503.0,0.1695,0.8673,"(0.1695,0.8673)",0.595736,0.1392213,0.0193826,0.7192,0.8673,0.5931,0.1695,0.482
MOD13Q1_006__250m_16_days_NDVI_doy2001177_aid0001,_250m_16_days_NDVI,aid0001,2001-06-26,76503.0,0.1356,0.8854,"(0.1356,0.8854)",0.5290117,0.159352,0.0253931,0.6605,0.8854,0.5274,0.1356,0.4055
MOD13Q1_006__250m_16_days_NDVI_doy2001193_aid0001,_250m_16_days_NDVI,aid0001,2001-07-12,76492.0,0.1368,0.896,"(0.1368,0.896)",0.5120043,0.155519,0.0241862,0.6348,0.896,0.51,0.1368,0.3942
MOD13Q1_006__250m_16_days_NDVI_doy2001209_aid0001,_250m_16_days_NDVI,aid0001,2001-07-28,76503.0,0.1386,0.8772,"(0.1386,0.8772)",0.4885101,0.1502281,0.0225685,0.6027,0.8772,0.4849,0.1386,0.3751
MOD13Q1_006__250m_16_days_NDVI_doy2001225_aid0001,_250m_16_days_NDVI,aid0001,2001-08-13,76503.0,0.1316,0.9872,"(0.1316,0.9872)",0.4590734,0.1427815,0.0203866,0.5603,0.8665,0.4565,0.1316,0.35365
MOD13Q1_006__250m_16_days_NDVI_doy2001241_aid0001,_250m_16_days_NDVI,aid0001,2001-08-29,76503.0,0.1168,0.9344,"(0.1168,0.9344)",0.4734999,0.1351633,0.0182691,0.5703,0.86,0.4789,0.1168,0.3755
MOD13Q1_006__250m_16_days_NDVI_doy2001257_aid0001,_250m_16_days_NDVI,aid0001,2001-09-14,76485.0,0.0559,0.9867,"(0.0559,0.9867)",0.4797465,0.1478337,0.0218548,0.5882,0.9196,0.4844,0.0559,0.3664
MOD13Q1_006__250m_16_days_NDVI_doy2001273_aid0001,_250m_16_days_NDVI,aid0001,2001-09-30,76069.0,-0.0371,0.9991,"(-0.0371,0.9991)",0.4620616,0.1626144,0.0264434,0.5769,0.9216,0.4656,0.0159,0.3464
MOD13Q1_006__250m_16_days_NDVI_doy2001289_aid0001,_250m_16_days_NDVI,aid0001,2001-10-16,76175.0,0.0177,0.9993,"(0.0177,0.9993)",0.513327,0.1463661,0.021423,0.6181,0.921,0.5192,0.113,0.416
MOD13Q1_006__250m_16_days_NDVI_doy2001305_aid0001,_250m_16_days_NDVI,aid0001,2001-11-01,76476.0,0.0398,0.986,"(0.0398,0.986)",0.5872152,0.1301487,0.0169387,0.6944,0.986,0.5866,0.1637,0.4807
MOD13Q1_006__250m_16_days_NDVI_doy2001321_aid0001,_250m_16_days_NDVI,aid0001,2001-11-17,75494.0,-0.0497,0.999,"(-0.0497,0.999)",0.4829919,0.2129095,0.0453305,0.6527,0.999,0.4803,-0.0497,0.325
MOD13Q1_006__250m_16_days_NDVI_doy2001337_aid0001,_250m_16_days_NDVI,aid0001,2001-12-03,75927.0,-0.0325,0.9967,"(-0.0325,0.9967)",0.5193308,0.2010192,0.0404087,0.6728,0.9967,0.5257,-0.0132,0.398
MOD13Q1_006__250m_16_days_NDVI_doy2001353_aid0001,_250m_16_days_NDVI,aid0001,2001-12-19,76503.0,0.023,0.9992,"(0.023,0.9992)",0.5644783,0.1598771,0.0255607,0.6753,0.9858,0.5656,0.1559,0.4675
MOD13Q1_006__250m_16_days_NDVI_doy2002001_aid0001,_250m_16_days_NDVI,aid0001,2002-01-01,75943.0,0.0078,0.9992,"(0.0078,0.9992)",0.3982132,0.1917322,0.0367612,0.5246,0.941,0.3841,0.0078,0.2467
MOD13Q1_006__250m_16_days_NDVI_doy2002017_aid0001,_250m_16_days_NDVI,aid0001,2002-01-17,75894.0,0.0151,0.9988,"(0.0151,0.9988)",0.6043767,0.1820385,0.033138,0.7576,0.9988,0.6107,0.069,0.4821
MOD13Q1_006__250m_16_days_NDVI_doy2002033_aid0001,_250m_16_days_NDVI,aid0001,2002-02-02,76336.0,0.0157,0.9983,"(0.0157,0.9983)",0.6469167,0.1615043,0.0260837,0.7792,0.9983,0.6707,0.2188,0.5549
MOD13Q1_006__250m_16_days_NDVI_doy2002049_aid0001,_250m_16_days_NDVI,aid0001,2002-02-18,76448.0,0.0622,0.9842,"(0.0622,0.9842)",0.6196114,0.1375528,0.0189208,0.7444,0.9842,0.6195,0.1404,0.5022
MOD13Q1_006__250m_16_days_NDVI_doy2002065_aid0001,_250m_16_days_NDVI,aid0001,2002-03-06,75895.0,0.0276,0.9993,"(0.0276,0.9993)",0.540474,0.205116,0.0420726,0.704,0.9993,0.551,0.0276,0.3885
MOD13Q1_006__250m_16_days_NDVI_doy2002081_aid0001,_250m_16_days_NDVI,aid0001,2002-03-22,75319.0,0.0216,0.9991,"(0.0216,0.9991)",0.531129,0.2156317,0.046497,0.6886,0.9991,0.5585,0.0216,0.3909
MOD13Q1_006__250m_16_days_NDVI_doy2002097_aid0001,_250m_16_days_NDVI,aid0001,2002-04-07,76235.0,0.0372,0.9982,"(0.0372,0.9982)",0.6272942,0.1592928,0.0253742,0.7697,0.9982,0.6302,0.1155,0.508
MOD13Q1_006__250m_16_days_NDVI_doy2002113_aid0001,_250m_16_days_NDVI,aid0001,2002-04-23,76446.0,0.0151,0.9984,"(0.0151,0.9984)",0.6371668,0.1372517,0.018838,0.7591,0.9984,0.6459,0.1864,0.529925
MOD13Q1_006__250m_16_days_NDVI_doy2002129_aid0001,_250m_16_days_NDVI,aid0001,2002-05-09,76481.0,0.1958,0.9666,"(0.1958,0.9666)",0.6314763,0.1313392,0.01725,0.7513,0.9666,0.6262,0.1958,0.5219
MOD13Q1_006__250m_16_days_NDVI_doy2002145_aid0001,_250m_16_days_NDVI,aid0001,2002-05-25,76503.0,0.1688,0.8865,"(0.1688,0.8865)",0.6138024,0.1491533,0.0222467,0.7513,0.8865,0.6103,0.1688,0.4871
MOD13Q1_006__250m_16_days_NDVI_doy2002161_aid0001,_250m_16_days_NDVI,aid0001,2002-06-10,76503.0,0.1694,0.9914,"(0.1694,0.9914)",0.5825076,0.1493931,0.0223183,0.7133,0.9914,0.5779,0.1694,0.46055
MOD13Q1_006__250m_16_days_NDVI_doy2002177_aid0001,_250m_16_days_NDVI,aid0001,2002-06-26,76503.0,0.1597,0.8873,"(0.1597,0.8873)",0.5465922,0.1540481,0.0237308,0.6748,0.8873,0.5433,0.1597,0.4252
MOD13Q1_006__250m_16_days_NDVI_doy2002193_aid0001,_250m_16_days_NDVI,aid0001,2002-07-12,76503.0,0.1421,0.9666,"(0.1421,0.9666)",0.5152872,0.1533228,0.0235079,0.636,0.9666,0.5157,0.1421,0.4019
MOD13Q1_006__250m_16_days_NDVI_doy2002209_aid0001,_250m_16_days_NDVI,aid0001,2002-07-28,76503.0,0.1387,0.8811,"(0.1387,0.8811)",0.4885357,0.1418756,0.0201287,0.5919,0.8811,0.4877,0.1387,0.3874
MOD13Q1_006__250m_16_days_NDVI_doy2002225_aid0001,_250m_16_days_NDVI,aid0001,2002-08-13,76491.0,0.1327,0.9339,"(0.1327,0.9339)",0.4668438,0.1441347,0.0207748,0.5659,0.8686,0.4612,0.1327,0.36335
MOD13Q1_006__250m_16_days_NDVI_doy2002241_aid0001,_250m_16_days_NDVI,aid0001,2002-08-29,76499.0,0.1488,0.9135,"(0.1488,0.9135)",0.4755677,0.1398301,0.0195525,0.5731,0.8715,0.4744,0.1488,0.3735
MOD13Q1_006__250m_16_days_NDVI_doy2002257_aid0001,_250m_16_days_NDVI,aid0001,2002-09-14,76499.0,0.1284,0.9056,"(0.1284,0.9056)",0.4762412,0.130604,0.0170574,0.572,0.8607,0.4753,0.1284,0.3766
MOD13Q1_006__250m_16_days_NDVI_doy2002273_aid0001,_250m_16_days_NDVI,aid0001,2002-09-30,76481.0,0.059,0.9934,"(0.059,0.9934)",0.5146586,0.150677,0.0227036,0.6324,0.9729,0.507,0.059,0.3919
MOD13Q1_006__250m_16_days_NDVI_doy2002289_aid0001,_250m_16_days_NDVI,aid0001,2002-10-16,76165.0,0.0064,0.9985,"(0.0064,0.9985)",0.5058212,0.1802955,0.0325065,0.6363,0.9876,0.5288,0.0498,0.4017
MOD13Q1_006__250m_16_days_NDVI_doy2002305_aid0001,_250m_16_days_NDVI,aid0001,2002-11-01,76337.0,0.0142,0.9957,"(0.0142,0.9957)",0.5829465,0.1370352,0.0187786,0.69,0.9957,0.5834,0.1749,0.4839
MOD13Q1_006__250m_16_days_NDVI_doy2002321_aid0001,_250m_16_days_NDVI,aid0001,2002-11-17,75866.0,-0.0081,0.9992,"(-0.0081,0.9992)",0.5686657,0.2059593,0.0424192,0.7277,0.9992,0.602,0.0279,0.4476
MOD13Q1_006__250m_16_days_NDVI_doy2002337_aid0001,_250m_16_days_NDVI,aid0001,2002-12-03,75123.0,0.0073,0.9986,"(0.0073,0.9986)",0.5230025,0.2124174,0.0451211,0.6914,0.9986,0.5263,0.0073,0.3762
MOD13Q1_006__250m_16_days_NDVI_doy2002353_aid0001,_250m_16_days_NDVI,aid0001,2002-12-19,76502.0,0.0284,0.9985,"(0.0284,0.9985)",0.6007367,0.1611753,0.0259775,0.735,0.9985,0.5952,0.1016,0.4814
MOD13Q1_006__250m_16_days_NDVI_doy2003001_aid0001,_250m_16_days_NDVI,aid0001,2003-01-01,75855.0,0.0082,0.9985,"(0.0082,0.9985)",0.5775823,0.1857556,0.0345051,0.7246,0.9985,0.5892,0.0795,0.4665
MOD13Q1_006__250m_16_days_NDVI_doy2003017_aid0001,_250m_16_days_NDVI,aid0001,2003-01-17,75704.0,0.0039,0.9995,"(0.0039,0.9995)",0.561025,0.1900181,0.0361069,0.7102,0.9995,0.5677,0.0452,0.4442
MOD13Q1_006__250m_16_days_NDVI_doy2003033_aid0001,_250m_16_days_NDVI,aid0001,2003-02-02,76188.0,0.0159,0.9993,"(0.0159,0.9993)",0.5860675,0.1706597,0.0291247,0.7241,0.9993,0.5867,0.0934,0.4718
MOD13Q1_006__250m_16_days_NDVI_doy2003049_aid0001,_250m_16_days_NDVI,aid0001,2003-02-18,75008.0,0.0079,0.9992,"(0.0079,0.9992)",0.4646746,0.214772,0.046127,0.6215,0.9992,0.4578,0.0079,0.2935
MOD13Q1_006__250m_16_days_NDVI_doy2003065_aid0001,_250m_16_days_NDVI,aid0001,2003-03-06,75933.0,-0.0073,0.9979,"(-0.0073,0.9979)",0.5669697,0.179044,0.0320568,0.7017,0.9979,0.5866,0.074,0.4506
MOD13Q1_006__250m_16_days_NDVI_doy2003081_aid0001,_250m_16_days_NDVI,aid0001,2003-03-22,75425.0,0.0165,0.9993,"(0.0165,0.9993)",0.556971,0.1968297,0.0387419,0.7154,0.9993,0.5539,0.0165,0.4345
MOD13Q1_006__250m_16_days_NDVI_doy2003097_aid0001,_250m_16_days_NDVI,aid0001,2003-04-07,76060.0,0.0147,0.9993,"(0.0147,0.9993)",0.6016335,0.1665476,0.0277381,0.7385,0.9993,0.6118,0.1325,0.4961
MOD13Q1_006__250m_16_days_NDVI_doy2003113_aid0001,_250m_16_days_NDVI,aid0001,2003-04-23,75957.0,0.0112,0.999,"(0.0112,0.999)",0.5511122,0.1890747,0.0357492,0.6991,0.999,0.5529,0.0377,0.4345
MOD13Q1_006__250m_16_days_NDVI_doy2003129_aid0001,_250m_16_days_NDVI,aid0001,2003-05-09,76501.0,0.2049,0.9584,"(0.2049,0.9584)",0.6179498,0.1502053,0.0225616,0.7589,0.9584,0.6128,0.2049,0.4891
MOD13Q1_006__250m_16_days_NDVI_doy2003145_aid0001,_250m_16_days_NDVI,aid0001,2003-05-25,76495.0,0.1716,0.9726,"(0.1716,0.9726)",0.6001335,0.1497533,0.022426,0.7354,0.9726,0.5987,0.1716,0.4777
MOD13Q1_006__250m_16_days_NDVI_doy2003161_aid0001,_250m_16_days_NDVI,aid0001,2003-06-10,76503.0,0.1528,0.8723,"(0.1528,0.8723)",0.578052,0.1550458,0.0240392,0.7147,0.8723,0.5801,0.1528,0.455
MOD13Q1_006__250m_16_days_NDVI_doy2003177_aid0001,_250m_16_days_NDVI,aid0001,2003-06-26,76503.0,0.1399,0.8769,"(0.1399,0.8769)",0.553094,0.1572312,0.0247216,0.68645,0.8769,0.5548,0.1399,0.4313
MOD13Q1_006__250m_16_days_NDVI_doy2003193_aid0001,_250m_16_days_NDVI,aid0001,2003-07-12,76503.0,0.1347,0.9071,"(0.1347,0.9071)",0.5149982,0.1574649,0.0247952,0.6403,0.9071,0.515,0.1347,0.3971
MOD13Q1_006__250m_16_days_NDVI_doy2003209_aid0001,_250m_16_days_NDVI,aid0001,2003-07-28,76503.0,0.1365,0.867,"(0.1365,0.867)",0.4856649,0.1489044,0.0221725,0.5971,0.867,0.4831,0.1365,0.376
MOD13Q1_006__250m_16_days_NDVI_doy2003225_aid0001,_250m_16_days_NDVI,aid0001,2003-08-13,76503.0,0.1274,0.9485,"(0.1274,0.9485)",0.4871618,0.1344285,0.018071,0.5827,0.8649,0.4924,0.1274,0.3934
MOD13Q1_006__250m_16_days_NDVI_doy2003241_aid0001,_250m_16_days_NDVI,aid0001,2003-08-29,76503.0,0.1531,0.8785,"(0.1531,0.8785)",0.4858753,0.1422761,0.0202425,0.5874,0.8785,0.488,0.1531,0.3803
MOD13Q1_006__250m_16_days_NDVI_doy2003257_aid0001,_250m_16_days_NDVI,aid0001,2003-09-14,76497.0,0.0433,0.9708,"(0.0433,0.9708)",0.50055,0.1379652,0.0190344,0.6044,0.9158,0.5028,0.0805,0.3944
MOD13Q1_006__250m_16_days_NDVI_doy2003273_aid0001,_250m_16_days_NDVI,aid0001,2003-09-30,76274.0,0.0004,0.9953,"(0.0004,0.9953)",0.4803592,0.1525835,0.0232817,0.5923,0.926,0.483,0.0343,0.3689
MOD13Q1_006__250m_16_days_NDVI_doy2003289_aid0001,_250m_16_days_NDVI,aid0001,2003-10-16,76233.0,-0.0029,0.9993,"(-0.0029,0.9993)",0.5075707,0.1708623,0.0291939,0.637,0.9993,0.509,0.0196,0.3818
MOD13Q1_006__250m_16_days_NDVI_doy2003305_aid0001,_250m_16_days_NDVI,aid0001,2003-11-01,75270.0,-0.026,0.9985,"(-0.026,0.9985)",0.4824906,0.2053137,0.0421537,0.6347,0.9985,0.4838,-0.026,0.3448
MOD13Q1_006__250m_16_days_NDVI_doy2003321_aid0001,_250m_16_days_NDVI,aid0001,2003-11-17,75546.0,-0.033,0.9993,"(-0.033,0.9993)",0.3823307,0.2338638,0.0546923,0.5551,0.9993,0.3557,-0.033,0.1787
MOD13Q1_006__250m_16_days_NDVI_doy2003337_aid0001,_250m_16_days_NDVI,aid0001,2003-12-03,75700.0,-0.0342,0.9988,"(-0.0342,0.9988)",0.4900657,0.2195795,0.0482151,0.6686,0.9988,0.4909,-0.0342,0.3219
MOD13Q1_006__250m_16_days_NDVI_doy2003353_aid0001,_250m_16_days_NDVI,aid0001,2003-12-19,76503.0,0.0814,0.9648,"(0.0814,0.9648)",0.6439098,0.150932,0.0227805,0.78575,0.9648,0.642,0.1105,0.5135
MOD13Q1_006__250m_16_days_NDVI_doy2004001_aid0001,_250m_16_days_NDVI,aid0001,2004-01-01,75653.0,0.0102,0.9992,"(0.0102,0.9992)",0.6015668,0.1811568,0.0328178,0.7414,0.9992,0.6325,0.1367,0.4995
MOD13Q1_006__250m_16_days_NDVI_doy2004017_aid0001,_250m_16_days_NDVI,aid0001,2004-01-17,75677.0,-0.002,0.9983,"(-0.002,0.9983)",0.489675,0.2196385,0.0482411,0.6508,0.9983,0.4832,-0.002,0.3271
MOD13Q1_006__250m_16_days_NDVI_doy2004033_aid0001,_250m_16_days_NDVI,aid0001,2004-02-02,76289.0,0.0332,0.9949,"(0.0332,0.9949)",0.6036314,0.152974,0.0234011,0.7349,0.9949,0.6044,0.1152,0.487
MOD13Q1_006__250m_16_days_NDVI_doy2004049_aid0001,_250m_16_days_NDVI,aid0001,2004-02-18,75231.0,-0.0396,0.9984,"(-0.0396,0.9984)",0.4638689,0.2091101,0.043727,0.6254,0.9984,0.4592,-0.0396,0.3005
MOD13Q1_006__250m_16_days_NDVI_doy2004065_aid0001,_250m_16_days_NDVI,aid0001,2004-03-05,75507.0,-0.0047,0.9988,"(-0.0047,0.9988)",0.4507313,0.224684,0.0504829,0.6216,0.9988,0.4563,-0.0047,0.2608
MOD13Q1_006__250m_16_days_NDVI_doy2004081_aid0001,_250m_16_days_NDVI,aid0001,2004-03-21,76321.0,0.0409,0.9957,"(0.0409,0.9957)",0.6365344,0.1395089,0.0194627,0.7495,0.9957,0.6435,0.2486,0.5491
MOD13Q1_006__250m_16_days_NDVI_doy2004097_aid0001,_250m_16_days_NDVI,aid0001,2004-04-06,76488.0,0.0387,0.9964,"(0.0387,0.9964)",0.6615538,0.1257811,0.0158209,0.7736,0.9964,0.6665,0.2478,0.563
MOD13Q1_006__250m_16_days_NDVI_doy2004113_aid0001,_250m_16_days_NDVI,aid0001,2004-04-22,76503.0,0.193,0.9843,"(0.193,0.9843)",0.6357,0.1314941,0.0172907,0.7541,0.9843,0.6351,0.193,0.5268
MOD13Q1_006__250m_16_days_NDVI_doy2004129_aid0001,_250m_16_days_NDVI,aid0001,2004-05-08,76503.0,0.1736,0.9212,"(0.1736,0.9212)",0.5999884,0.1481044,0.0219349,0.7303,0.9212,0.5987,0.1736,0.4805
MOD13Q1_006__250m_16_days_NDVI_doy2004145_aid0001,_250m_16_days_NDVI,aid0001,2004-05-24,76487.0,0.1549,0.948,"(0.1549,0.948)",0.581817,0.1534342,0.023542,0.7146,0.948,0.5806,0.1549,0.4609
MOD13Q1_006__250m_16_days_NDVI_doy2004161_aid0001,_250m_16_days_NDVI,aid0001,2004-06-09,76503.0,0.1322,0.9839,"(0.1322,0.9839)",0.5516098,0.1559093,0.0243077,0.6821,0.9839,0.5496,0.1322,0.4309
MOD13Q1_006__250m_16_days_NDVI_doy2004177_aid0001,_250m_16_days_NDVI,aid0001,2004-06-25,76499.0,0.1411,0.9881,"(0.1411,0.9881)",0.5232351,0.1519871,0.0231001,0.6414,0.9601,0.5234,0.1411,0.4106
MOD13Q1_006__250m_16_days_NDVI_doy2004193_aid0001,_250m_16_days_NDVI,aid0001,2004-07-11,76503.0,0.13,0.929,"(0.13,0.929)",0.5074523,0.1498741,0.0224622,0.6203,0.929,0.5076,0.13,0.3985
MOD13Q1_006__250m_16_days_NDVI_doy2004209_aid0001,_250m_16_days_NDVI,aid0001,2004-07-27,76503.0,0.1269,0.8934,"(0.1269,0.8934)",0.4854696,0.1477673,0.0218352,0.5916,0.8934,0.4822,0.1269,0.3767
MOD13Q1_006__250m_16_days_NDVI_doy2004225_aid0001,_250m_16_days_NDVI,aid0001,2004-08-12,76503.0,0.1366,0.8799,"(0.1366,0.8799)",0.4671734,0.1404021,0.0197127,0.5633,0.8581,0.4639,0.1366,0.3665
MOD13Q1_006__250m_16_days_NDVI_doy2004241_aid0001,_250m_16_days_NDVI,aid0001,2004-08-28,76503.0,0.1362,0.868,"(0.1362,0.868)",0.465924,0.1364412,0.0186162,0.5598,0.8462,0.4672,0.1362,0.3683
MOD13Q1_006__250m_16_days_NDVI_doy2004257_aid0001,_250m_16_days_NDVI,aid0001,2004-09-13,76482.0,0.0279,0.979,"(0.0279,0.979)",0.4612002,0.1472543,0.0216838,0.5655,0.8772,0.4625,0.0279,0.3504
MOD13Q1_006__250m_16_days_NDVI_doy2004273_aid0001,_250m_16_days_NDVI,aid0001,2004-09-29,76491.0,0.0089,0.975,"(0.0089,0.975)",0.542282,0.1465681,0.0214822,0.6594,0.975,0.5505,0.0861,0.4297
MOD13Q1_006__250m_16_days_NDVI_doy2004289_aid0001,_250m_16_days_NDVI,aid0001,2004-10-15,75907.0,-0.0071,0.9985,"(-0.0071,0.9985)",0.466859,0.2110818,0.0445555,0.635,0.9985,0.4582,-0.0071,0.30595
MOD13Q1_006__250m_16_days_NDVI_doy2004305_aid0001,_250m_16_days_NDVI,aid0001,2004-10-31,76183.0,0.0112,0.9984,"(0.0112,0.9984)",0.5847846,0.15658,0.0245173,0.7037,0.9984,0.5889,0.1521,0.48305
MOD13Q1_006__250m_16_days_NDVI_doy2004321_aid0001,_250m_16_days_NDVI,aid0001,2004-11-16,75934.0,0.0074,0.9986,"(0.0074,0.9986)",0.542034,0.173545,0.0301179,0.6622,0.9913,0.5451,0.1133,0.442625
MOD13Q1_006__250m_16_days_NDVI_doy2004337_aid0001,_250m_16_days_NDVI,aid0001,2004-12-02,76095.0,-0.0182,0.9994,"(-0.0182,0.9994)",0.5840381,0.181159,0.0328186,0.732,0.9994,0.5907,0.0695,0.467
MOD13Q1_006__250m_16_days_NDVI_doy2004353_aid0001,_250m_16_days_NDVI,aid0001,2004-12-18,76503.0,0.1787,0.9941,"(0.1787,0.9941)",0.6495154,0.1213341,0.014722,0.7513,0.9941,0.656,0.2651,0.5568
MOD13Q1_006__250m_16_days_NDVI_doy2005001_aid0001,_250m_16_days_NDVI,aid0001,2005-01-01,76443.0,0.0096,0.9859,"(0.0096,0.9859)",0.642626,0.1198536,0.0143649,0.7425,0.9859,0.6472,0.2686,0.5524
MOD13Q1_006__250m_16_days_NDVI_doy2005017_aid0001,_250m_16_days_NDVI,aid0001,2005-01-17,75763.0,0.0117,0.9992,"(0.0117,0.9992)",0.5033514,0.2232953,0.0498608,0.6947,0.9992,0.509,0.0117,0.3292
MOD13Q1_006__250m_16_days_NDVI_doy2005033_aid0001,_250m_16_days_NDVI,aid0001,2005-02-02,75664.0,-0.0171,0.9977,"(-0.0171,0.9977)",0.4730722,0.2111347,0.0445779,0.6286,0.9977,0.4909,-0.0171,0.3227
MOD13Q1_006__250m_16_days_NDVI_doy2005049_aid0001,_250m_16_days_NDVI,aid0001,2005-02-18,75951.0,0.0219,0.9992,"(0.0219,0.9992)",0.6138942,0.1768666,0.0312818,0.766,0.9992,0.6182,0.0796,0.4914
MOD13Q1_006__250m_16_days_NDVI_doy2005065_aid0001,_250m_16_days_NDVI,aid0001,2005-03-06,75955.0,-0.0925,0.9989,"(-0.0925,0.9989)",0.3326432,0.1931953,0.0373244,0.4396,0.8155,0.303,-0.0925,0.1889
MOD13Q1_006__250m_16_days_NDVI_doy2005081_aid0001,_250m_16_days_NDVI,aid0001,2005-03-22,75657.0,-0.0175,0.9994,"(-0.0175,0.9994)",0.554383,0.1999829,0.0399932,0.6929,0.9994,0.5865,0.1012,0.4562
MOD13Q1_006__250m_16_days_NDVI_doy2005097_aid0001,_250m_16_days_NDVI,aid0001,2005-04-07,76503.0,0.2059,0.8912,"(0.2059,0.8912)",0.6228111,0.1408497,0.0198387,0.7537,0.8912,0.6185,0.2059,0.4992
MOD13Q1_006__250m_16_days_NDVI_doy2005113_aid0001,_250m_16_days_NDVI,aid0001,2005-04-23,76487.0,0.1621,0.98,"(0.1621,0.98)",0.6384824,0.1316494,0.0173316,0.7574,0.98,0.6364,0.2,0.5296
MOD13Q1_006__250m_16_days_NDVI_doy2005129_aid0001,_250m_16_days_NDVI,aid0001,2005-05-09,76503.0,0.193,0.8765,"(0.193,0.8765)",0.6127017,0.1425206,0.0203121,0.7444,0.8765,0.6083,0.193,0.4907
MOD13Q1_006__250m_16_days_NDVI_doy2005145_aid0001,_250m_16_days_NDVI,aid0001,2005-05-25,76503.0,0.1706,0.8792,"(0.1706,0.8792)",0.5965762,0.1475847,0.0217812,0.7286,0.8792,0.5946,0.1706,0.4749
MOD13Q1_006__250m_16_days_NDVI_doy2005161_aid0001,_250m_16_days_NDVI,aid0001,2005-06-10,76503.0,0.1679,0.9197,"(0.1679,0.9197)",0.5857474,0.1470262,0.0216167,0.7139,0.9197,0.5845,0.1679,0.4669
MOD13Q1_006__250m_16_days_NDVI_doy2005177_aid0001,_250m_16_days_NDVI,aid0001,2005-06-26,76503.0,0.1465,0.8708,"(0.1465,0.8708)",0.5389128,0.1500862,0.0225259,0.6615,0.8708,0.5367,0.1465,0.4222
MOD13Q1_006__250m_16_days_NDVI_doy2005193_aid0001,_250m_16_days_NDVI,aid0001,2005-07-12,76503.0,0.1425,0.8764,"(0.1425,0.8764)",0.50595,0.1474542,0.0217428,0.6191,0.8764,0.5019,0.1425,0.3955
MOD13Q1_006__250m_16_days_NDVI_doy2005209_aid0001,_250m_16_days_NDVI,aid0001,2005-07-28,76503.0,0.1332,0.872,"(0.1332,0.872)",0.4755376,0.1451573,0.0210706,0.5801,0.872,0.473,0.1332,0.3712
MOD13Q1_006__250m_16_days_NDVI_doy2005225_aid0001,_250m_16_days_NDVI,aid0001,2005-08-13,76503.0,0.136,0.8737,"(0.136,0.8737)",0.4514758,0.136755,0.0187019,0.5443,0.8296,0.4481,0.136,0.3536
MOD13Q1_006__250m_16_days_NDVI_doy2005241_aid0001,_250m_16_days_NDVI,aid0001,2005-08-29,76503.0,0.1427,0.8496,"(0.1427,0.8496)",0.4483121,0.1293163,0.0167227,0.5344,0.8016,0.4458,0.1427,0.35625
MOD13Q1_006__250m_16_days_NDVI_doy2005257_aid0001,_250m_16_days_NDVI,aid0001,2005-09-14,76503.0,0.1498,0.8401,"(0.1498,0.8401)",0.4479525,0.1254541,0.0157387,0.5325,0.7918,0.4487,0.1498,0.3596
MOD13Q1_006__250m_16_days_NDVI_doy2005273_aid0001,_250m_16_days_NDVI,aid0001,2005-09-30,76495.0,0.0444,0.9788,"(0.0444,0.9788)",0.4689291,0.1331655,0.0177331,0.5647,0.8573,0.4703,0.0749,0.3682
MOD13Q1_006__250m_16_days_NDVI_doy2005289_aid0001,_250m_16_days_NDVI,aid0001,2005-10-16,76430.0,0.0637,0.9971,"(0.0637,0.9971)",0.5215353,0.1196775,0.0143227,0.6079,0.8633,0.5249,0.1787,0.4362
MOD13Q1_006__250m_16_days_NDVI_doy2005305_aid0001,_250m_16_days_NDVI,aid0001,2005-11-01,76464.0,0.0505,0.9962,"(0.0505,0.9962)",0.5348617,0.127337,0.0162147,0.6245,0.8933,0.5283,0.1746,0.4443
MOD13Q1_006__250m_16_days_NDVI_doy2005321_aid0001,_250m_16_days_NDVI,aid0001,2005-11-17,76287.0,-0.0055,0.9943,"(-0.0055,0.9943)",0.5511465,0.1562284,0.0244073,0.6709,0.9943,0.5519,0.1014,0.4431
MOD13Q1_006__250m_16_days_NDVI_doy2005337_aid0001,_250m_16_days_NDVI,aid0001,2005-12-03,76221.0,0.0108,0.9991,"(0.0108,0.9991)",0.6099984,0.1488509,0.0221566,0.7285,0.9991,0.6163,0.1885,0.5125
MOD13Q1_006__250m_16_days_NDVI_doy2005353_aid0001,_250m_16_days_NDVI,aid0001,2005-12-19,76502.0,0.0113,0.9985,"(0.0113,0.9985)",0.6005307,0.1507474,0.0227248,0.7213,0.9985,0.6028,0.1716,0.5014
MOD13Q1_006__250m_16_days_NDVI_doy2006001_aid0001,_250m_16_days_NDVI,aid0001,2006-01-01,76471.0,0.0415,0.9966,"(0.0415,0.9966)",0.6135944,0.1417581,0.0200954,0.7427,0.9966,0.6101,0.1266,0.4959
MOD13Q1_006__250m_16_days_NDVI_doy2006017_aid0001,_250m_16_days_NDVI,aid0001,2006-01-17,75659.0,0.0037,0.9986,"(0.0037,0.9986)",0.540089,0.2041255,0.0416672,0.7032,0.9986,0.5443,0.0037,0.4094
MOD13Q1_006__250m_16_days_NDVI_doy2006033_aid0001,_250m_16_days_NDVI,aid0001,2006-02-02,76478.0,0.028,0.9865,"(0.028,0.9865)",0.6200699,0.149848,0.0224544,0.760175,0.9865,0.614,0.1186,0.4918
MOD13Q1_006__250m_16_days_NDVI_doy2006049_aid0001,_250m_16_days_NDVI,aid0001,2006-02-18,76283.0,0.024,0.9995,"(0.024,0.9995)",0.6567349,0.1540207,0.0237224,0.7775,0.9995,0.6762,0.2589,0.57
MOD13Q1_006__250m_16_days_NDVI_doy2006065_aid0001,_250m_16_days_NDVI,aid0001,2006-03-06,75987.0,0.0187,0.9993,"(0.0187,0.9993)",0.5652781,0.184459,0.0340251,0.72,0.9993,0.5691,0.0439,0.4495
MOD13Q1_006__250m_16_days_NDVI_doy2006081_aid0001,_250m_16_days_NDVI,aid0001,2006-03-22,75680.0,-0.0012,0.9989,"(-0.0012,0.9989)",0.4897328,0.2042864,0.0417329,0.6427,0.9989,0.4924,-0.0012,0.35
MOD13Q1_006__250m_16_days_NDVI_doy2006097_aid0001,_250m_16_days_NDVI,aid0001,2006-04-07,75685.0,0.0143,0.9995,"(0.0143,0.9995)",0.3989572,0.2048029,0.0419442,0.5471,0.9995,0.3738,0.0143,0.2334
MOD13Q1_006__250m_16_days_NDVI_doy2006113_aid0001,_250m_16_days_NDVI,aid0001,2006-04-23,76231.0,0.0153,0.9993,"(0.0153,0.9993)",0.6334792,0.1547121,0.0239358,0.76035,0.9993,0.6419,0.1968,0.5349
MOD13Q1_006__250m_16_days_NDVI_doy2006129_aid0001,_250m_16_days_NDVI,aid0001,2006-05-09,76284.0,0.0247,0.9992,"(0.0247,0.9992)",0.6355572,0.1456427,0.0212118,0.7645,0.9992,0.6376,0.1729,0.5278
MOD13Q1_006__250m_16_days_NDVI_doy2006145_aid0001,_250m_16_days_NDVI,aid0001,2006-05-25,76503.0,0.178,0.9219,"(0.178,0.9219)",0.6110297,0.1437563,0.0206659,0.7431,0.9219,0.6074,0.178,0.4881
MOD13Q1_006__250m_16_days_NDVI_doy2006161_aid0001,_250m_16_days_NDVI,aid0001,2006-06-10,76503.0,0.1627,0.8632,"(0.1627,0.8632)",0.56825,0.1503834,0.0226152,0.7007,0.8632,0.5646,0.1627,0.4419
MOD13Q1_006__250m_16_days_NDVI_doy2006177_aid0001,_250m_16_days_NDVI,aid0001,2006-06-26,76503.0,0.1369,0.8706,"(0.1369,0.8706)",0.540563,0.1502883,0.0225866,0.6656,0.8706,0.539,0.1369,0.4215
MOD13Q1_006__250m_16_days_NDVI_doy2006193_aid0001,_250m_16_days_NDVI,aid0001,2006-07-12,76503.0,0.146,0.873,"(0.146,0.873)",0.5111114,0.147356,0.0217138,0.6268,0.873,0.5064,0.146,0.3974
MOD13Q1_006__250m_16_days_NDVI_doy2006209_aid0001,_250m_16_days_NDVI,aid0001,2006-07-28,76503.0,0.1341,0.8788,"(0.1341,0.8788)",0.4914408,0.145742,0.0212407,0.6001,0.8788,0.4882,0.1341,0.3839
MOD13Q1_006__250m_16_days_NDVI_doy2006225_aid0001,_250m_16_days_NDVI,aid0001,2006-08-13,76503.0,0.1377,0.8774,"(0.1377,0.8774)",0.4712167,0.137566,0.0189244,0.5671,0.8583,0.4661,0.1377,0.3723
MOD13Q1_006__250m_16_days_NDVI_doy2006241_aid0001,_250m_16_days_NDVI,aid0001,2006-08-29,76503.0,0.144,0.8923,"(0.144,0.8923)",0.473105,0.1411724,0.0199296,0.5694,0.8675,0.4689,0.144,0.3705
MOD13Q1_006__250m_16_days_NDVI_doy2006257_aid0001,_250m_16_days_NDVI,aid0001,2006-09-14,76503.0,0.15,0.9764,"(0.15,0.9764)",0.484186,0.1359524,0.0184831,0.5807,0.8728,0.4838,0.15,0.3855
MOD13Q1_006__250m_16_days_NDVI_doy2006273_aid0001,_250m_16_days_NDVI,aid0001,2006-09-30,76452.0,0.0372,0.9796,"(0.0372,0.9796)",0.5171291,0.1375828,0.018929,0.6191,0.9195,0.5276,0.1198,0.4188
MOD13Q1_006__250m_16_days_NDVI_doy2006289_aid0001,_250m_16_days_NDVI,aid0001,2006-10-16,76335.0,-0.0056,0.9986,"(-0.0056,0.9986)",0.5568387,0.1694998,0.0287302,0.68945,0.9986,0.5731,0.0491,0.43235
MOD13Q1_006__250m_16_days_NDVI_doy2006305_aid0001,_250m_16_days_NDVI,aid0001,2006-11-01,76314.0,0.0234,0.999,"(0.0234,0.999)",0.5766934,0.1653692,0.027347,0.7157,0.999,0.5789,0.0525,0.4503
MOD13Q1_006__250m_16_days_NDVI_doy2006321_aid0001,_250m_16_days_NDVI,aid0001,2006-11-17,75740.0,0.0113,0.9974,"(0.0113,0.9974)",0.5688201,0.1830856,0.0335203,0.7119,0.9974,0.5742,0.0444,0.4449
MOD13Q1_006__250m_16_days_NDVI_doy2006337_aid0001,_250m_16_days_NDVI,aid0001,2006-12-03,75860.0,-0.0113,0.9988,"(-0.0113,0.9988)",0.6074354,0.1876624,0.0352172,0.7488,0.9988,0.63065,0.1729,0.5184
MOD13Q1_006__250m_16_days_NDVI_doy2006353_aid0001,_250m_16_days_NDVI,aid0001,2006-12-19,76492.0,0.0004,0.9992,"(0.0004,0.9992)",0.6029811,0.1855962,0.034446,0.7518,0.9992,0.6109,0.0661,0.4775
MOD13Q1_006__250m_16_days_NDVI_doy2007001_aid0001,_250m_16_days_NDVI,aid0001,2007-01-01,75613.0,0.0085,0.9994,"(0.0085,0.9994)",0.5862648,0.1922594,0.0369637,0.742,0.9994,0.6016,0.0426,0.4621
MOD13Q1_006__250m_16_days_NDVI_doy2007017_aid0001,_250m_16_days_NDVI,aid0001,2007-01-17,75885.0,0.005,0.9991,"(0.005,0.9991)",0.57916,0.1792014,0.0321131,0.7213,0.9991,0.5972,0.1081,0.476
MOD13Q1_006__250m_16_days_NDVI_doy2007033_aid0001,_250m_16_days_NDVI,aid0001,2007-02-02,75317.0,0.011,0.9992,"(0.011,0.9992)",0.3811573,0.2167047,0.0469609,0.5342,0.9992,0.3541,0.011,0.1966
MOD13Q1_006__250m_16_days_NDVI_doy2007049_aid0001,_250m_16_days_NDVI,aid0001,2007-02-18,75391.0,0.0076,0.9992,"(0.0076,0.9992)",0.5821573,0.1846389,0.0340915,0.7202,0.9992,0.5968,0.1052,0.4742
MOD13Q1_006__250m_16_days_NDVI_doy2007065_aid0001,_250m_16_days_NDVI,aid0001,2007-03-06,75893.0,0.0052,0.9993,"(0.0052,0.9993)",0.5298624,0.2064677,0.0426289,0.6978,0.9993,0.5514,0.0052,0.3915
MOD13Q1_006__250m_16_days_NDVI_doy2007081_aid0001,_250m_16_days_NDVI,aid0001,2007-03-22,76257.0,0.004,0.9986,"(0.004,0.9986)",0.5936396,0.1730876,0.0299593,0.726,0.9986,0.6165,0.1518,0.4963
MOD13Q1_006__250m_16_days_NDVI_doy2007097_aid0001,_250m_16_days_NDVI,aid0001,2007-04-07,75083.0,0.0113,0.9984,"(0.0113,0.9984)",0.5519429,0.2017814,0.0407157,0.7131,0.9984,0.5588,0.0113,0.4145
MOD13Q1_006__250m_16_days_NDVI_doy2007113_aid0001,_250m_16_days_NDVI,aid0001,2007-04-23,76485.0,0.0483,0.9906,"(0.0483,0.9906)",0.6583099,0.1196013,0.0143045,0.7647,0.9906,0.666,0.2666,0.5654
MOD13Q1_006__250m_16_days_NDVI_doy2007129_aid0001,_250m_16_days_NDVI,aid0001,2007-05-09,76503.0,0.1775,0.8965,"(0.1775,0.8965)",0.6126949,0.1365656,0.0186502,0.7369,0.8965,0.6113,0.1775,0.4982
MOD13Q1_006__250m_16_days_NDVI_doy2007145_aid0001,_250m_16_days_NDVI,aid0001,2007-05-25,76487.0,0.1704,0.9989,"(0.1704,0.9989)",0.607485,0.1417839,0.0201027,0.7331,0.9989,0.6085,0.1704,0.4914
MOD13Q1_006__250m_16_days_NDVI_doy2007161_aid0001,_250m_16_days_NDVI,aid0001,2007-06-10,76482.0,0.1745,0.951,"(0.1745,0.951)",0.5997112,0.144592,0.0209068,0.7278,0.951,0.6005,0.1745,0.4809
MOD13Q1_006__250m_16_days_NDVI_doy2007177_aid0001,_250m_16_days_NDVI,aid0001,2007-06-26,76503.0,0.173,0.8617,"(0.173,0.8617)",0.5586877,0.1414577,0.0200103,0.6772,0.8617,0.558,0.173,0.4429
MOD13Q1_006__250m_16_days_NDVI_doy2007193_aid0001,_250m_16_days_NDVI,aid0001,2007-07-12,76503.0,0.1544,0.8663,"(0.1544,0.8663)",0.5276703,0.1419417,0.0201474,0.6387,0.8663,0.5266,0.1544,0.4175
MOD13Q1_006__250m_16_days_NDVI_doy2007209_aid0001,_250m_16_days_NDVI,aid0001,2007-07-28,76498.0,0.1296,0.9874,"(0.1296,0.9874)",0.4904082,0.1378092,0.0189914,0.5904,0.8804,0.4872,0.1296,0.3882
MOD13Q1_006__250m_16_days_NDVI_doy2007225_aid0001,_250m_16_days_NDVI,aid0001,2007-08-13,76503.0,0.129,0.8607,"(0.129,0.8607)",0.4766174,0.133384,0.0177913,0.5704,0.8577,0.4743,0.129,0.3784
MOD13Q1_006__250m_16_days_NDVI_doy2007241_aid0001,_250m_16_days_NDVI,aid0001,2007-08-29,76503.0,0.1303,0.8563,"(0.1303,0.8563)",0.4493208,0.1210015,0.0146414,0.5301,0.7829,0.4471,0.1303,0.3615
MOD13Q1_006__250m_16_days_NDVI_doy2007257_aid0001,_250m_16_days_NDVI,aid0001,2007-09-14,76503.0,0.132,0.8653,"(0.132,0.8653)",0.4425206,0.1338753,0.0179226,0.53065,0.8104,0.4376,0.132,0.3441
MOD13Q1_006__250m_16_days_NDVI_doy2007273_aid0001,_250m_16_days_NDVI,aid0001,2007-09-30,76496.0,0.0563,0.9591,"(0.0563,0.9591)",0.4695524,0.1384327,0.0191636,0.5686,0.8728,0.4689,0.0631,0.3653
MOD13Q1_006__250m_16_days_NDVI_doy2007289_aid0001,_250m_16_days_NDVI,aid0001,2007-10-16,76275.0,0.0038,0.9992,"(0.0038,0.9992)",0.4812835,0.1552252,0.0240949,0.5943,0.9352,0.4802,0.023,0.3655
MOD13Q1_006__250m_16_days_NDVI_doy2007305_aid0001,_250m_16_days_NDVI,aid0001,2007-11-01,76503.0,0.0358,0.9257,"(0.0358,0.9257)",0.5368293,0.1376167,0.0189383,0.6373,0.9257,0.5364,0.1416,0.4361
MOD13Q1_006__250m_16_days_NDVI_doy2007321_aid0001,_250m_16_days_NDVI,aid0001,2007-11-17,76458.0,0.002,0.9819,"(0.002,0.9819)",0.5503571,0.1538869,0.0236812,0.671,0.9819,0.5556,0.0783,0.4338
MOD13Q1_006__250m_16_days_NDVI_doy2007337_aid0001,_250m_16_days_NDVI,aid0001,2007-12-03,75871.0,0.0057,0.9983,"(0.0057,0.9983)",0.4872769,0.2056668,0.0422988,0.6421,0.9983,0.4924,0.0057,0.3581
MOD13Q1_006__250m_16_days_NDVI_doy2007353_aid0001,_250m_16_days_NDVI,aid0001,2007-12-19,76499.0,0.0247,0.9984,"(0.0247,0.9984)",0.5525767,0.1873825,0.0351122,0.70285,0.9984,0.5503,0.0247,0.4197
MOD13Q1_006__250m_16_days_NDVI_doy2008001_aid0001,_250m_16_days_NDVI,aid0001,2008-01-01,75007.0,0.0041,0.9984,"(0.0041,0.9984)",0.5096443,0.202953,0.0411899,0.6555,0.9984,0.5063,0.0041,0.375
MOD13Q1_006__250m_16_days_NDVI_doy2008017_aid0001,_250m_16_days_NDVI,aid0001,2008-01-17,75263.0,0.0001,0.9986,"(0.0001,0.9986)",0.4419883,0.2126305,0.0452117,0.5939,0.9986,0.4408,0.0001,0.27805
MOD13Q1_006__250m_16_days_NDVI_doy2008033_aid0001,_250m_16_days_NDVI,aid0001,2008-02-02,75690.0,-0.0007,0.9991,"(-0.0007,0.9991)",0.5427112,0.1953551,0.0381636,0.6989,0.9991,0.5448,0.0037,0.4202
MOD13Q1_006__250m_16_days_NDVI_doy2008049_aid0001,_250m_16_days_NDVI,aid0001,2008-02-18,75446.0,0.0023,0.9992,"(0.0023,0.9992)",0.5342373,0.2001977,0.0400791,0.6766,0.9992,0.5444,0.047,0.424725
MOD13Q1_006__250m_16_days_NDVI_doy2008065_aid0001,_250m_16_days_NDVI,aid0001,2008-03-05,76483.0,0.0716,0.9648,"(0.0716,0.9648)",0.6282677,0.1373267,0.0188586,0.7544,0.9648,0.6283,0.1509,0.5117
MOD13Q1_006__250m_16_days_NDVI_doy2008081_aid0001,_250m_16_days_NDVI,aid0001,2008-03-21,75755.0,0.0022,0.9993,"(0.0022,0.9993)",0.2821538,0.1726932,0.0298229,0.3604,0.6644,0.2373,0.0022,0.1577
MOD13Q1_006__250m_16_days_NDVI_doy2008097_aid0001,_250m_16_days_NDVI,aid0001,2008-04-06,75600.0,0.0184,0.999,"(0.0184,0.999)",0.5666285,0.1922508,0.0369604,0.7186,0.999,0.57,0.0361,0.4454
MOD13Q1_006__250m_16_days_NDVI_doy2008113_aid0001,_250m_16_days_NDVI,aid0001,2008-04-22,75696.0,0.0157,0.9985,"(0.0157,0.9985)",0.5903374,0.1934333,0.0374164,0.7425,0.9985,0.6088,0.0883,0.4808
MOD13Q1_006__250m_16_days_NDVI_doy2008129_aid0001,_250m_16_days_NDVI,aid0001,2008-05-08,76503.0,0.1806,0.9311,"(0.1806,0.9311)",0.6312255,0.1354059,0.0183348,0.7561,0.9311,0.6309,0.1806,0.5163
MOD13Q1_006__250m_16_days_NDVI_doy2008145_aid0001,_250m_16_days_NDVI,aid0001,2008-05-24,76503.0,0.1847,0.8851,"(0.1847,0.8851)",0.6040479,0.1442291,0.020802,0.7347,0.8851,0.6031,0.1847,0.4823
MOD13Q1_006__250m_16_days_NDVI_doy2008161_aid0001,_250m_16_days_NDVI,aid0001,2008-06-09,76503.0,0.1622,0.9125,"(0.1622,0.9125)",0.5862468,0.150111,0.0225333,0.71855,0.9125,0.5845,0.1622,0.4621
MOD13Q1_006__250m_16_days_NDVI_doy2008177_aid0001,_250m_16_days_NDVI,aid0001,2008-06-25,76503.0,0.1454,0.8717,"(0.1454,0.8717)",0.5526361,0.1509971,0.0228001,0.679,0.8717,0.5494,0.1454,0.43055
MOD13Q1_006__250m_16_days_NDVI_doy2008193_aid0001,_250m_16_days_NDVI,aid0001,2008-07-11,76503.0,0.1455,0.8674,"(0.1455,0.8674)",0.5227275,0.1470359,0.0216196,0.6388,0.8674,0.5187,0.1455,0.4078
MOD13Q1_006__250m_16_days_NDVI_doy2008209_aid0001,_250m_16_days_NDVI,aid0001,2008-07-27,76503.0,0.1388,0.994,"(0.1388,0.994)",0.4923983,0.1382218,0.0191053,0.5936,0.8985,0.4887,0.1388,0.3902
MOD13Q1_006__250m_16_days_NDVI_doy2008225_aid0001,_250m_16_days_NDVI,aid0001,2008-08-12,76503.0,0.1294,0.8692,"(0.1294,0.8692)",0.476602,0.1385,0.0191823,0.5739,0.8692,0.472,0.1294,0.3755
MOD13Q1_006__250m_16_days_NDVI_doy2008241_aid0001,_250m_16_days_NDVI,aid0001,2008-08-28,76495.0,0.1361,0.877,"(0.1361,0.877)",0.4620291,0.1267315,0.0160609,0.5462,0.804,0.4586,0.1361,0.3743
MOD13Q1_006__250m_16_days_NDVI_doy2008257_aid0001,_250m_16_days_NDVI,aid0001,2008-09-13,76503.0,0.1405,0.848,"(0.1405,0.848)",0.45853,0.1241188,0.0154055,0.5406,0.7932,0.4554,0.1405,0.3722
MOD13Q1_006__250m_16_days_NDVI_doy2008273_aid0001,_250m_16_days_NDVI,aid0001,2008-09-29,76503.0,0.1582,0.8625,"(0.1582,0.8625)",0.4893591,0.1416713,0.0200708,0.5944,0.8625,0.4857,0.1582,0.384
MOD13Q1_006__250m_16_days_NDVI_doy2008289_aid0001,_250m_16_days_NDVI,aid0001,2008-10-15,76458.0,0.0331,0.9985,"(0.0331,0.9985)",0.5229039,0.150455,0.0226367,0.6387,0.9639,0.5229,0.0705,0.411225
MOD13Q1_006__250m_16_days_NDVI_doy2008305_aid0001,_250m_16_days_NDVI,aid0001,2008-10-31,76475.0,0.0328,0.9479,"(0.0328,0.9479)",0.5159717,0.1477608,0.0218333,0.629,0.9479,0.5148,0.0705,0.4052
MOD13Q1_006__250m_16_days_NDVI_doy2008321_aid0001,_250m_16_days_NDVI,aid0001,2008-11-16,75738.0,0.0046,0.9979,"(0.0046,0.9979)",0.4979814,0.1967277,0.0387018,0.651,0.9979,0.4996,0.0046,0.36
MOD13Q1_006__250m_16_days_NDVI_doy2008337_aid0001,_250m_16_days_NDVI,aid0001,2008-12-02,75933.0,-0.0202,0.9991,"(-0.0202,0.9991)",0.4705582,0.2145998,0.0460531,0.6343,0.9991,0.4783,-0.0202,0.3036
MOD13Q1_006__250m_16_days_NDVI_doy2008353_aid0001,_250m_16_days_NDVI,aid0001,2008-12-18,76503.0,0.0271,0.9974,"(0.0271,0.9974)",0.6278841,0.1341251,0.0179895,0.7443,0.9974,0.6342,0.1814,0.5189
MOD13Q1_006__250m_16_days_NDVI_doy2009001_aid0001,_250m_16_days_NDVI,aid0001,2009-01-01,76435.0,-0.0104,0.9964,"(-0.0104,0.9964)",0.635646,0.1426417,0.0203467,0.7559,0.9964,0.6448,0.1852,0.5275
MOD13Q1_006__250m_16_days_NDVI_doy2009017_aid0001,_250m_16_days_NDVI,aid0001,2009-01-17,75978.0,0.0265,0.9988,"(0.0265,0.9988)",0.615437,0.1771129,0.031369,0.7659,0.9988,0.6254,0.1012,0.5
MOD13Q1_006__250m_16_days_NDVI_doy2009033_aid0001,_250m_16_days_NDVI,aid0001,2009-02-02,76154.0,0.0166,0.9954,"(0.0166,0.9954)",0.6226753,0.1800974,0.0324351,0.7751,0.9954,0.6343,0.0976,0.5041
MOD13Q1_006__250m_16_days_NDVI_doy2009049_aid0001,_250m_16_days_NDVI,aid0001,2009-02-18,76047.0,0.0096,0.999,"(0.0096,0.999)",0.5056336,0.2027969,0.0411266,0.6727,0.999,0.5037,0.0096,0.3691
MOD13Q1_006__250m_16_days_NDVI_doy2009065_aid0001,_250m_16_days_NDVI,aid0001,2009-03-06,74769.0,0.0029,0.9992,"(0.0029,0.9992)",0.4661319,0.2269198,0.0514926,0.6398,0.9992,0.469,0.0029,0.2827
MOD13Q1_006__250m_16_days_NDVI_doy2009081_aid0001,_250m_16_days_NDVI,aid0001,2009-03-22,73946.0,0.0074,0.9992,"(0.0074,0.9992)",0.4728364,0.2199274,0.0483681,0.6369,0.9992,0.4759,0.0074,0.3037
MOD13Q1_006__250m_16_days_NDVI_doy2009097_aid0001,_250m_16_days_NDVI,aid0001,2009-04-07,75277.0,-0.0114,0.9994,"(-0.0114,0.9994)",0.5643396,0.191227,0.0365678,0.7125,0.9994,0.5721,0.0533,0.4488
MOD13Q1_006__250m_16_days_NDVI_doy2009113_aid0001,_250m_16_days_NDVI,aid0001,2009-04-23,75364.0,0.0001,0.9994,"(0.0001,0.9994)",0.4505942,0.2016778,0.0406739,0.596625,0.9994,0.439,0.0001,0.2981
MOD13Q1_006__250m_16_days_NDVI_doy2009129_aid0001,_250m_16_days_NDVI,aid0001,2009-05-09,76476.0,0.078,0.9948,"(0.078,0.9948)",0.6502381,0.1358485,0.0184548,0.7747,0.9948,0.652,0.191,0.5368
MOD13Q1_006__250m_16_days_NDVI_doy2009145_aid0001,_250m_16_days_NDVI,aid0001,2009-05-25,76503.0,0.2134,0.886,"(0.2134,0.886)",0.6306024,0.1311149,0.0171911,0.7505,0.886,0.6307,0.2134,0.52165
MOD13Q1_006__250m_16_days_NDVI_doy2009161_aid0001,_250m_16_days_NDVI,aid0001,2009-06-10,76503.0,0.1922,0.9174,"(0.1922,0.9174)",0.6094144,0.1334511,0.0178092,0.7296,0.9174,0.6109,0.1922,0.5014
MOD13Q1_006__250m_16_days_NDVI_doy2009177_aid0001,_250m_16_days_NDVI,aid0001,2009-06-26,76503.0,0.1757,0.8763,"(0.1757,0.8763)",0.5855239,0.1466965,0.0215199,0.7141,0.8763,0.587,0.1757,0.4653
MOD13Q1_006__250m_16_days_NDVI_doy2009193_aid0001,_250m_16_days_NDVI,aid0001,2009-07-12,76503.0,0.1555,0.9378,"(0.1555,0.9378)",0.5472513,0.1499983,0.0224995,0.6708,0.9378,0.5463,0.1555,0.4294
MOD13Q1_006__250m_16_days_NDVI_doy2009209_aid0001,_250m_16_days_NDVI,aid0001,2009-07-28,76503.0,0.1394,0.8752,"(0.1394,0.8752)",0.522032,0.150134,0.0225402,0.6398,0.8752,0.5226,0.1394,0.4102
MOD13Q1_006__250m_16_days_NDVI_doy2009225_aid0001,_250m_16_days_NDVI,aid0001,2009-08-13,76503.0,0.1349,0.8818,"(0.1349,0.8818)",0.4963674,0.1435636,0.0206105,0.6025,0.8818,0.4933,0.1349,0.3922
MOD13Q1_006__250m_16_days_NDVI_doy2009241_aid0001,_250m_16_days_NDVI,aid0001,2009-08-29,76491.0,0.119,0.8882,"(0.119,0.8882)",0.4947971,0.140005,0.0196014,0.5946,0.8882,0.4919,0.119,0.392
MOD13Q1_006__250m_16_days_NDVI_doy2009257_aid0001,_250m_16_days_NDVI,aid0001,2009-09-14,76499.0,0.0854,0.9975,"(0.0854,0.9975)",0.5041544,0.1266953,0.0160517,0.5943,0.8669,0.5029,0.1653,0.4119
MOD13Q1_006__250m_16_days_NDVI_doy2009273_aid0001,_250m_16_days_NDVI,aid0001,2009-09-30,76476.0,0.0268,0.9961,"(0.0268,0.9961)",0.531624,0.1249823,0.0156206,0.6237,0.8934,0.5367,0.1704,0.4422
MOD13Q1_006__250m_16_days_NDVI_doy2009289_aid0001,_250m_16_days_NDVI,aid0001,2009-10-16,75897.0,0.0076,0.9947,"(0.0076,0.9947)",0.5029485,0.1972231,0.0388969,0.6558,0.9947,0.5201,0.0076,0.3625
MOD13Q1_006__250m_16_days_NDVI_doy2009305_aid0001,_250m_16_days_NDVI,aid0001,2009-11-01,76394.0,0.0144,0.9977,"(0.0144,0.9977)",0.6269656,0.1457086,0.021231,0.7459,0.9977,0.6408,0.1927,0.5246
MOD13Q1_006__250m_16_days_NDVI_doy2009321_aid0001,_250m_16_days_NDVI,aid0001,2009-11-17,76454.0,0.0549,0.9883,"(0.0549,0.9883)",0.6206627,0.1483011,0.0219932,0.7458,0.9883,0.6298,0.1444,0.5049
MOD13Q1_006__250m_16_days_NDVI_doy2009337_aid0001,_250m_16_days_NDVI,aid0001,2009-12-03,76169.0,-0.001,0.9936,"(-0.001,0.9936)",0.6087149,0.1612475,0.0260008,0.7341,0.9936,0.6252,0.1915,0.517
MOD13Q1_006__250m_16_days_NDVI_doy2009353_aid0001,_250m_16_days_NDVI,aid0001,2009-12-19,76503.0,0.0159,0.9993,"(0.0159,0.9993)",0.5855486,0.1599217,0.0255749,0.7145,0.9993,0.5828,0.1076,0.4717
MOD13Q1_006__250m_16_days_NDVI_doy2010001_aid0001,_250m_16_days_NDVI,aid0001,2010-01-01,76027.0,0.0115,0.9964,"(0.0115,0.9964)",0.6298391,0.1731021,0.0299643,0.7698,0.9964,0.6453,0.1676,0.5289
MOD13Q1_006__250m_16_days_NDVI_doy2010017_aid0001,_250m_16_days_NDVI,aid0001,2010-01-17,74735.0,-0.0088,0.9992,"(-0.0088,0.9992)",0.4458512,0.2448379,0.0599456,0.63325,0.9992,0.4598,-0.0088,0.2289
MOD13Q1_006__250m_16_days_NDVI_doy2010033_aid0001,_250m_16_days_NDVI,aid0001,2010-02-02,76495.0,0.127,0.991,"(0.127,0.991)",0.6338194,0.1304062,0.0170058,0.7513,0.991,0.6373,0.1861,0.5249
MOD13Q1_006__250m_16_days_NDVI_doy2010049_aid0001,_250m_16_days_NDVI,aid0001,2010-02-18,75531.0,-0.0371,0.9993,"(-0.0371,0.9993)",0.5038965,0.2120427,0.0449621,0.6657,0.9993,0.5238,-0.0371,0.3472
MOD13Q1_006__250m_16_days_NDVI_doy2010065_aid0001,_250m_16_days_NDVI,aid0001,2010-03-06,75777.0,0.0116,0.9992,"(0.0116,0.9992)",0.5452731,0.1868729,0.0349215,0.6859,0.9992,0.5555,0.0742,0.4412
MOD13Q1_006__250m_16_days_NDVI_doy2010081_aid0001,_250m_16_days_NDVI,aid0001,2010-03-22,76137.0,-0.0318,0.9975,"(-0.0318,0.9975)",0.6324298,0.1565913,0.0245208,0.758,0.9975,0.6368,0.2153,0.5409
MOD13Q1_006__250m_16_days_NDVI_doy2010097_aid0001,_250m_16_days_NDVI,aid0001,2010-04-07,76379.0,0.0417,0.9948,"(0.0417,0.9948)",0.6334909,0.1525235,0.0232634,0.7677,0.9948,0.639,0.1497,0.5203
MOD13Q1_006__250m_16_days_NDVI_doy2010113_aid0001,_250m_16_days_NDVI,aid0001,2010-04-23,76489.0,0.1904,0.9444,"(0.1904,0.9444)",0.6412465,0.1281873,0.016432,0.7531,0.9444,0.6451,0.2261,0.5395
MOD13Q1_006__250m_16_days_NDVI_doy2010129_aid0001,_250m_16_days_NDVI,aid0001,2010-05-09,76495.0,0.1629,0.9897,"(0.1629,0.9897)",0.6201397,0.1452695,0.0211032,0.7496,0.9897,0.6254,0.1629,0.5046
MOD13Q1_006__250m_16_days_NDVI_doy2010145_aid0001,_250m_16_days_NDVI,aid0001,2010-05-25,76501.0,0.1765,0.9514,"(0.1765,0.9514)",0.6167699,0.1357778,0.0184356,0.7336,0.9514,0.6204,0.1863,0.5126
MOD13Q1_006__250m_16_days_NDVI_doy2010161_aid0001,_250m_16_days_NDVI,aid0001,2010-06-10,76503.0,0.1799,0.8839,"(0.1799,0.8839)",0.6033843,0.1377422,0.0189729,0.7203,0.8839,0.6059,0.1799,0.4983
MOD13Q1_006__250m_16_days_NDVI_doy2010177_aid0001,_250m_16_days_NDVI,aid0001,2010-06-26,76503.0,0.1481,0.8864,"(0.1481,0.8864)",0.5496621,0.1423536,0.0202645,0.6619,0.8864,0.5497,0.1481,0.441
MOD13Q1_006__250m_16_days_NDVI_doy2010193_aid0001,_250m_16_days_NDVI,aid0001,2010-07-12,76503.0,0.145,0.8751,"(0.145,0.8751)",0.524672,0.138632,0.0192188,0.6282,0.8751,0.5231,0.145,0.4208
MOD13Q1_006__250m_16_days_NDVI_doy2010209_aid0001,_250m_16_days_NDVI,aid0001,2010-07-28,76503.0,0.126,0.8669,"(0.126,0.8669)",0.4876226,0.1384003,0.0191546,0.5843,0.8669,0.4859,0.126,0.3893
MOD13Q1_006__250m_16_days_NDVI_doy2010225_aid0001,_250m_16_days_NDVI,aid0001,2010-08-13,76503.0,0.1279,0.877,"(0.1279,0.877)",0.4660633,0.1369976,0.0187683,0.5584,0.8434,0.4633,0.1279,0.3682
MOD13Q1_006__250m_16_days_NDVI_doy2010241_aid0001,_250m_16_days_NDVI,aid0001,2010-08-29,76501.0,0.1298,0.8894,"(0.1298,0.8894)",0.4507344,0.1312276,0.0172207,0.5374,0.8077,0.4499,0.1298,0.3571
MOD13Q1_006__250m_16_days_NDVI_doy2010257_aid0001,_250m_16_days_NDVI,aid0001,2010-09-14,76503.0,0.1379,0.8369,"(0.1379,0.8369)",0.4343559,0.1263455,0.0159632,0.51735,0.7763,0.4321,0.1379,0.3447
MOD13Q1_006__250m_16_days_NDVI_doy2010273_aid0001,_250m_16_days_NDVI,aid0001,2010-09-30,76503.0,0.1631,0.9067,"(0.1631,0.9067)",0.452423,0.1265243,0.0160084,0.5424,0.8164,0.4513,0.1631,0.3591
MOD13Q1_006__250m_16_days_NDVI_doy2010289_aid0001,_250m_16_days_NDVI,aid0001,2010-10-16,76417.0,0.0223,0.9986,"(0.0223,0.9986)",0.4770543,0.1506098,0.0226833,0.5875,0.9241,0.473,0.0223,0.3613
MOD13Q1_006__250m_16_days_NDVI_doy2010305_aid0001,_250m_16_days_NDVI,aid0001,2010-11-01,75657.0,-0.0053,0.9979,"(-0.0053,0.9979)",0.475516,0.2000328,0.0400131,0.6253,0.9979,0.4875,-0.0053,0.3423
MOD13Q1_006__250m_16_days_NDVI_doy2010321_aid0001,_250m_16_days_NDVI,aid0001,2010-11-17,75764.0,-0.0513,0.9994,"(-0.0513,0.9994)",0.5167328,0.1911892,0.0365533,0.665,0.9994,0.5236,0.0084,0.3951
MOD13Q1_006__250m_16_days_NDVI_doy2010337_aid0001,_250m_16_days_NDVI,aid0001,2010-12-03,75971.0,-0.0122,0.9982,"(-0.0122,0.9982)",0.47269,0.1982184,0.0392905,0.622,0.9982,0.4699,-0.0122,0.3438
MOD13Q1_006__250m_16_days_NDVI_doy2010353_aid0001,_250m_16_days_NDVI,aid0001,2010-12-19,76502.0,0.0526,0.9962,"(0.0526,0.9962)",0.6247755,0.1457874,0.021254,0.7535,0.9962,0.6267,0.1278,0.5029
MOD13Q1_006__250m_16_days_NDVI_doy2011001_aid0001,_250m_16_days_NDVI,aid0001,2011-01-01,76069.0,0.0179,0.9982,"(0.0179,0.9982)",0.5911482,0.1721259,0.0296273,0.7312,0.9982,0.6002,0.0837,0.4722
MOD13Q1_006__250m_16_days_NDVI_doy2011017_aid0001,_250m_16_days_NDVI,aid0001,2011-01-17,75721.0,-0.0243,0.9976,"(-0.0243,0.9976)",0.5200612,0.1993662,0.0397469,0.6728,0.9976,0.5311,-0.0243,0.3811
MOD13Q1_006__250m_16_days_NDVI_doy2011033_aid0001,_250m_16_days_NDVI,aid0001,2011-02-02,76463.0,-0.005,0.9935,"(-0.005,0.9935)",0.5634931,0.1785644,0.0318852,0.71,0.9935,0.565,0.0214,0.4344
MOD13Q1_006__250m_16_days_NDVI_doy2011049_aid0001,_250m_16_days_NDVI,aid0001,2011-02-18,75253.0,0.019,0.9993,"(0.019,0.9993)",0.4899398,0.2028702,0.0411563,0.6361,0.9993,0.4866,0.019,0.3436
MOD13Q1_006__250m_16_days_NDVI_doy2011065_aid0001,_250m_16_days_NDVI,aid0001,2011-03-06,75256.0,0.0227,0.9991,"(0.0227,0.9991)",0.5667507,0.2031969,0.041289,0.7303,0.9991,0.5812,0.0227,0.4301
MOD13Q1_006__250m_16_days_NDVI_doy2011081_aid0001,_250m_16_days_NDVI,aid0001,2011-03-22,74833.0,-0.0015,0.9993,"(-0.0015,0.9993)",0.5066542,0.21698,0.0470803,0.6693,0.9993,0.5167,-0.0015,0.3515
MOD13Q1_006__250m_16_days_NDVI_doy2011097_aid0001,_250m_16_days_NDVI,aid0001,2011-04-07,76248.0,0.0433,0.9984,"(0.0433,0.9984)",0.6469437,0.1502098,0.022563,0.777,0.9984,0.654,0.1789,0.5375
MOD13Q1_006__250m_16_days_NDVI_doy2011113_aid0001,_250m_16_days_NDVI,aid0001,2011-04-23,76444.0,0.0245,0.9985,"(0.0245,0.9985)",0.6642053,0.1151081,0.0132499,0.763,0.9985,0.6663,0.2966,0.5762
MOD13Q1_006__250m_16_days_NDVI_doy2011129_aid0001,_250m_16_days_NDVI,aid0001,2011-05-09,76503.0,0.218,0.881,"(0.218,0.881)",0.6409276,0.1282547,0.0164493,0.758,0.881,0.642,0.218,0.5327
MOD13Q1_006__250m_16_days_NDVI_doy2011145_aid0001,_250m_16_days_NDVI,aid0001,2011-05-25,76503.0,0.2072,0.8766,"(0.2072,0.8766)",0.6082776,0.1389783,0.019315,0.7332,0.8766,0.6085,0.2072,0.4899
MOD13Q1_006__250m_16_days_NDVI_doy2011161_aid0001,_250m_16_days_NDVI,aid0001,2011-06-10,76490.0,0.1669,0.9256,"(0.1669,0.9256)",0.580155,0.1424085,0.0202802,0.7019,0.9256,0.5794,0.1669,0.4625
MOD13Q1_006__250m_16_days_NDVI_doy2011177_aid0001,_250m_16_days_NDVI,aid0001,2011-06-26,76499.0,0.166,0.9457,"(0.166,0.9457)",0.5487757,0.1397339,0.0195256,0.6621,0.9457,0.5475,0.166,0.4365
MOD13Q1_006__250m_16_days_NDVI_doy2011193_aid0001,_250m_16_days_NDVI,aid0001,2011-07-12,76503.0,0.1575,0.8871,"(0.1575,0.8871)",0.5382194,0.1391123,0.0193522,0.6468,0.8871,0.536,0.1575,0.4289
MOD13Q1_006__250m_16_days_NDVI_doy2011209_aid0001,_250m_16_days_NDVI,aid0001,2011-07-28,76503.0,0.1663,0.8861,"(0.1663,0.8861)",0.5194317,0.1357681,0.018433,0.6199,0.8861,0.5141,0.1663,0.4138
MOD13Q1_006__250m_16_days_NDVI_doy2011225_aid0001,_250m_16_days_NDVI,aid0001,2011-08-13,76487.0,0.1595,0.9595,"(0.1595,0.9595)",0.4937706,0.13379,0.0178998,0.5867,0.8768,0.488,0.1595,0.3929
MOD13Q1_006__250m_16_days_NDVI_doy2011241_aid0001,_250m_16_days_NDVI,aid0001,2011-08-29,76503.0,0.1417,0.8663,"(0.1417,0.8663)",0.4690031,0.1294053,0.0167457,0.5545,0.8202,0.4635,0.1417,0.37725
MOD13Q1_006__250m_16_days_NDVI_doy2011257_aid0001,_250m_16_days_NDVI,aid0001,2011-09-14,76503.0,0.1321,0.8523,"(0.1321,0.8523)",0.4528873,0.1276549,0.0162958,0.5365,0.7946,0.4487,0.1321,0.3644
MOD13Q1_006__250m_16_days_NDVI_doy2011273_aid0001,_250m_16_days_NDVI,aid0001,2011-09-30,76307.0,-0.0005,0.9986,"(-0.0005,0.9986)",0.4749289,0.1447026,0.0209388,0.575,0.8684,0.4878,0.0828,0.3781
MOD13Q1_006__250m_16_days_NDVI_doy2011289_aid0001,_250m_16_days_NDVI,aid0001,2011-10-16,76503.0,0.1865,0.9132,"(0.1865,0.9132)",0.5717814,0.1321568,0.0174654,0.6728,0.9132,0.5858,0.1896,0.4795
MOD13Q1_006__250m_16_days_NDVI_doy2011305_aid0001,_250m_16_days_NDVI,aid0001,2011-11-01,76426.0,0.0098,0.99,"(0.0098,0.99)",0.5653921,0.1661286,0.0275987,0.7005,0.99,0.5739,0.0452,0.4378
MOD13Q1_006__250m_16_days_NDVI_doy2011321_aid0001,_250m_16_days_NDVI,aid0001,2011-11-17,75173.0,0.0038,0.9992,"(0.0038,0.9992)",0.5361624,0.2061065,0.0424799,0.7019,0.9992,0.5412,0.0038,0.3915
MOD13Q1_006__250m_16_days_NDVI_doy2011337_aid0001,_250m_16_days_NDVI,aid0001,2011-12-03,76389.0,0.019,0.9994,"(0.019,0.9994)",0.6285796,0.152754,0.0233338,0.7603,0.9994,0.6359,0.1351,0.5102
MOD13Q1_006__250m_16_days_NDVI_doy2011353_aid0001,_250m_16_days_NDVI,aid0001,2011-12-19,76502.0,0.0693,0.9995,"(0.0693,0.9995)",0.632118,0.1416804,0.0200733,0.7534,0.9995,0.6388,0.1687,0.5195
MOD13Q1_006__250m_16_days_NDVI_doy2012001_aid0001,_250m_16_days_NDVI,aid0001,2012-01-01,76338.0,0.0097,0.9993,"(0.0097,0.9993)",0.6055521,0.1503913,0.0226176,0.7332,0.9993,0.6077,0.1357,0.4942
MOD13Q1_006__250m_16_days_NDVI_doy2012017_aid0001,_250m_16_days_NDVI,aid0001,2012-01-17,75927.0,-0.031,0.999,"(-0.031,0.999)",0.561481,0.1783154,0.0317964,0.6963,0.999,0.5722,0.0759,0.4481
MOD13Q1_006__250m_16_days_NDVI_doy2012033_aid0001,_250m_16_days_NDVI,aid0001,2012-02-02,75737.0,-0.0007,0.9991,"(-0.0007,0.9991)",0.5552321,0.1862882,0.0347033,0.6956,0.9991,0.57,0.0729,0.4465
MOD13Q1_006__250m_16_days_NDVI_doy2012049_aid0001,_250m_16_days_NDVI,aid0001,2012-02-18,75112.0,-0.0158,0.9989,"(-0.0158,0.9989)",0.4527196,0.2390443,0.0571422,0.6465,0.9989,0.46275,-0.0158,0.2455
MOD13Q1_006__250m_16_days_NDVI_doy2012065_aid0001,_250m_16_days_NDVI,aid0001,2012-03-05,75159.0,-0.0702,0.9994,"(-0.0702,0.9994)",0.4906457,0.2142888,0.0459197,0.6508,0.9994,0.4962,-0.0702,0.3312
MOD13Q1_006__250m_16_days_NDVI_doy2012081_aid0001,_250m_16_days_NDVI,aid0001,2012-03-21,76412.0,0.007,0.996,"(0.007,0.996)",0.6275127,0.1469742,0.0216014,0.7555,0.996,0.6306,0.1615,0.5178
MOD13Q1_006__250m_16_days_NDVI_doy2012097_aid0001,_250m_16_days_NDVI,aid0001,2012-04-06,75810.0,0.0303,0.9994,"(0.0303,0.9994)",0.5958877,0.1816697,0.0330039,0.7437,0.9994,0.6082,0.085,0.4802
MOD13Q1_006__250m_16_days_NDVI_doy2012113_aid0001,_250m_16_days_NDVI,aid0001,2012-04-22,76400.0,-0.0248,0.9979,"(-0.0248,0.9979)",0.6259815,0.1475164,0.0217611,0.7567,0.9979,0.6315,0.1401,0.51
MOD13Q1_006__250m_16_days_NDVI_doy2012129_aid0001,_250m_16_days_NDVI,aid0001,2012-05-08,76480.0,0.0308,0.9897,"(0.0308,0.9897)",0.6255515,0.1377076,0.0189634,0.7488,0.9897,0.6255,0.1626,0.514
MOD13Q1_006__250m_16_days_NDVI_doy2012145_aid0001,_250m_16_days_NDVI,aid0001,2012-05-24,76503.0,0.1816,0.9435,"(0.1816,0.9435)",0.6139165,0.1388961,0.0192921,0.7363,0.9435,0.6156,0.1816,0.5006
MOD13Q1_006__250m_16_days_NDVI_doy2012161_aid0001,_250m_16_days_NDVI,aid0001,2012-06-09,76503.0,0.1797,0.8581,"(0.1797,0.8581)",0.5874903,0.1365802,0.0186541,0.7045,0.8581,0.5885,0.1797,0.4767
MOD13Q1_006__250m_16_days_NDVI_doy2012177_aid0001,_250m_16_days_NDVI,aid0001,2012-06-25,76503.0,0.0939,0.8745,"(0.0939,0.8745)",0.5639367,0.138616,0.0192144,0.6766,0.8745,0.5643,0.1589,0.4559
MOD13Q1_006__250m_16_days_NDVI_doy2012193_aid0001,_250m_16_days_NDVI,aid0001,2012-07-11,76503.0,0.1086,0.8753,"(0.1086,0.8753)",0.5387995,0.1385685,0.0192012,0.6459,0.8753,0.5385,0.1556,0.4345
MOD13Q1_006__250m_16_days_NDVI_doy2012209_aid0001,_250m_16_days_NDVI,aid0001,2012-07-27,76503.0,0.1562,0.8718,"(0.1562,0.8718)",0.5021147,0.1307782,0.0171029,0.5963,0.8718,0.4972,0.1562,0.4045
MOD13Q1_006__250m_16_days_NDVI_doy2012225_aid0001,_250m_16_days_NDVI,aid0001,2012-08-12,76503.0,0.1443,0.8744,"(0.1443,0.8744)",0.4767197,0.1322212,0.0174824,0.5662,0.8445,0.4714,0.1443,0.3804
MOD13Q1_006__250m_16_days_NDVI_doy2012241_aid0001,_250m_16_days_NDVI,aid0001,2012-08-28,76501.0,0.1401,0.9125,"(0.1401,0.9125)",0.477163,0.1288121,0.0165926,0.5639,0.8273,0.4788,0.1401,0.3883
MOD13Q1_006__250m_16_days_NDVI_doy2012257_aid0001,_250m_16_days_NDVI,aid0001,2012-09-13,76503.0,0.1189,0.8496,"(0.1189,0.8496)",0.4861133,0.1373194,0.0188566,0.581,0.8496,0.4931,0.1274,0.3971
MOD13Q1_006__250m_16_days_NDVI_doy2012273_aid0001,_250m_16_days_NDVI,aid0001,2012-09-29,76503.0,0.1326,0.9638,"(0.1326,0.9638)",0.4776102,0.1282178,0.0164398,0.5661,0.8241,0.4868,0.1394,0.3936
MOD13Q1_006__250m_16_days_NDVI_doy2012289_aid0001,_250m_16_days_NDVI,aid0001,2012-10-15,76493.0,0.1442,0.9797,"(0.1442,0.9797)",0.5287924,0.1458392,0.0212691,0.6406,0.9062,0.5428,0.1442,0.4225
MOD13Q1_006__250m_16_days_NDVI_doy2012305_aid0001,_250m_16_days_NDVI,aid0001,2012-10-31,75410.0,-0.028,0.9994,"(-0.028,0.9994)",0.4536243,0.2212539,0.0489533,0.627,0.9994,0.4386,-0.028,0.2881
MOD13Q1_006__250m_16_days_NDVI_doy2012321_aid0001,_250m_16_days_NDVI,aid0001,2012-11-16,76021.0,0.0144,0.9992,"(0.0144,0.9992)",0.5996438,0.1777954,0.0316112,0.7445,0.9992,0.6177,0.0869,0.4813
MOD13Q1_006__250m_16_days_NDVI_doy2012337_aid0001,_250m_16_days_NDVI,aid0001,2012-12-02,75834.0,-0.003,0.9978,"(-0.003,0.9978)",0.5598229,0.2077238,0.0431492,0.7305,0.9978,0.5822,-0.003,0.4205
MOD13Q1_006__250m_16_days_NDVI_doy2012353_aid0001,_250m_16_days_NDVI,aid0001,2012-12-18,76503.0,0.0707,0.9961,"(0.0707,0.9961)",0.6693617,0.1294396,0.0167546,0.7801,0.9961,0.6838,0.2646,0.5739
MOD13Q1_006__250m_16_days_NDVI_doy2013001_aid0001,_250m_16_days_NDVI,aid0001,2013-01-01,76416.0,0.0323,0.9889,"(0.0323,0.9889)",0.690962,0.1257538,0.015814,0.7918,0.9889,0.7008,0.3359,0.6093
MOD13Q1_006__250m_16_days_NDVI_doy2013017_aid0001,_250m_16_days_NDVI,aid0001,2013-01-17,76078.0,-0.0357,0.9993,"(-0.0357,0.9993)",0.4011161,0.1919359,0.0368394,0.5276,0.9405,0.3742,-0.0357,0.2523
MOD13Q1_006__250m_16_days_NDVI_doy2013033_aid0001,_250m_16_days_NDVI,aid0001,2013-02-02,75702.0,-0.0306,0.9995,"(-0.0306,0.9995)",0.5484546,0.19614,0.0384709,0.689075,0.9995,0.5656,0.0453,0.4315
MOD13Q1_006__250m_16_days_NDVI_doy2013049_aid0001,_250m_16_days_NDVI,aid0001,2013-02-18,76467.0,0.0267,0.9912,"(0.0267,0.9912)",0.6513614,0.1326254,0.0175895,0.7675,0.9912,0.6531,0.209,0.5439
MOD13Q1_006__250m_16_days_NDVI_doy2013065_aid0001,_250m_16_days_NDVI,aid0001,2013-03-06,74754.0,0.0011,0.9991,"(0.0011,0.9991)",0.4722259,0.2256959,0.0509386,0.6385,0.9991,0.47,0.0011,0.297825
MOD13Q1_006__250m_16_days_NDVI_doy2013081_aid0001,_250m_16_days_NDVI,aid0001,2013-03-22,75668.0,0.0153,0.9994,"(0.0153,0.9994)",0.5815956,0.1848831,0.0341818,0.7205,0.9994,0.5902,0.1243,0.482
MOD13Q1_006__250m_16_days_NDVI_doy2013097_aid0001,_250m_16_days_NDVI,aid0001,2013-04-07,75284.0,-0.0039,0.9993,"(-0.0039,0.9993)",0.5303764,0.2297402,0.0527806,0.7225,0.9993,0.5624,-0.0039,0.3558
MOD13Q1_006__250m_16_days_NDVI_doy2013113_aid0001,_250m_16_days_NDVI,aid0001,2013-04-23,75489.0,0.0028,0.9993,"(0.0028,0.9993)",0.6034447,0.1914752,0.0366628,0.7609,0.9993,0.6236,0.0815,0.4891
MOD13Q1_006__250m_16_days_NDVI_doy2013129_aid0001,_250m_16_days_NDVI,aid0001,2013-05-09,76503.0,0.0058,0.9718,"(0.0058,0.9718)",0.6449099,0.1322244,0.0174833,0.7643,0.9718,0.647,0.1959,0.5351
MOD13Q1_006__250m_16_days_NDVI_doy2013145_aid0001,_250m_16_days_NDVI,aid0001,2013-05-25,76469.0,0.0259,0.997,"(0.0259,0.997)",0.642622,0.125954,0.0158644,0.7514,0.997,0.6439,0.2331,0.544
MOD13Q1_006__250m_16_days_NDVI_doy2013161_aid0001,_250m_16_days_NDVI,aid0001,2013-06-10,76503.0,0.1794,0.9043,"(0.1794,0.9043)",0.6252013,0.1333322,0.0177775,0.7431,0.9043,0.6256,0.1794,0.51425
MOD13Q1_006__250m_16_days_NDVI_doy2013177_aid0001,_250m_16_days_NDVI,aid0001,2013-06-26,76503.0,0.1496,0.8907,"(0.1496,0.8907)",0.6009682,0.1351123,0.0182553,0.7156,0.8907,0.6012,0.1573,0.4915
MOD13Q1_006__250m_16_days_NDVI_doy2013193_aid0001,_250m_16_days_NDVI,aid0001,2013-07-12,76503.0,0.163,0.8775,"(0.163,0.8775)",0.5659889,0.1396665,0.0195067,0.6787,0.8775,0.5654,0.163,0.4562
MOD13Q1_006__250m_16_days_NDVI_doy2013209_aid0001,_250m_16_days_NDVI,aid0001,2013-07-28,76499.0,0.1131,0.9137,"(0.1131,0.9137)",0.5222905,0.1375739,0.0189266,0.6237,0.9137,0.5197,0.125,0.42135
MOD13Q1_006__250m_16_days_NDVI_doy2013225_aid0001,_250m_16_days_NDVI,aid0001,2013-08-13,76503.0,0.1148,0.8861,"(0.1148,0.8861)",0.4949747,0.1352346,0.0182884,0.5891,0.8734,0.4915,0.1148,0.3986
MOD13Q1_006__250m_16_days_NDVI_doy2013241_aid0001,_250m_16_days_NDVI,aid0001,2013-08-29,76503.0,0.1359,0.8551,"(0.1359,0.8551)",0.4895546,0.1245314,0.0155081,0.5755,0.8331,0.4891,0.1482,0.4033
MOD13Q1_006__250m_16_days_NDVI_doy2013257_aid0001,_250m_16_days_NDVI,aid0001,2013-09-14,76497.0,0.0355,0.9002,"(0.0355,0.9002)",0.4840786,0.1384069,0.0191565,0.5793,0.8649,0.4831,0.1049,0.3883
MOD13Q1_006__250m_16_days_NDVI_doy2013273_aid0001,_250m_16_days_NDVI,aid0001,2013-09-30,76499.0,0.1441,0.9748,"(0.1441,0.9748)",0.4974783,0.1504123,0.0226239,0.6094,0.9435,0.5009,0.1441,0.3829
MOD13Q1_006__250m_16_days_NDVI_doy2013289_aid0001,_250m_16_days_NDVI,aid0001,2013-10-16,76162.0,-0.0195,0.9972,"(-0.0195,0.9972)",0.4363134,0.1734923,0.0300996,0.5617,0.9434,0.4341,-0.0195,0.3072
MOD13Q1_006__250m_16_days_NDVI_doy2013305_aid0001,_250m_16_days_NDVI,aid0001,2013-11-01,75054.0,0.0054,0.9992,"(0.0054,0.9992)",0.4644766,0.2129026,0.0453275,0.6247,0.9992,0.455,0.0054,0.3035
MOD13Q1_006__250m_16_days_NDVI_doy2013321_aid0001,_250m_16_days_NDVI,aid0001,2013-11-17,76379.0,0.017,0.998,"(0.017,0.998)",0.5983797,0.1623702,0.0263641,0.7332,0.998,0.6075,0.0802,0.47145
MOD13Q1_006__250m_16_days_NDVI_doy2013337_aid0001,_250m_16_days_NDVI,aid0001,2013-12-03,75821.0,0.0131,0.9994,"(0.0131,0.9994)",0.5958474,0.175504,0.0308017,0.7364,0.9994,0.6026,0.0837,0.4753
MOD13Q1_006__250m_16_days_NDVI_doy2013353_aid0001,_250m_16_days_NDVI,aid0001,2013-12-19,76502.0,0.0129,0.9994,"(0.0129,0.9994)",0.6496667,0.151812,0.0230469,0.7788,0.9994,0.66,0.1806,0.5395
MOD13Q1_006__250m_16_days_NDVI_doy2014001_aid0001,_250m_16_days_NDVI,aid0001,2014-01-01,76195.0,0.0313,0.9994,"(0.0313,0.9994)",0.6596816,0.1518892,0.0230703,0.786,0.9994,0.6731,0.2073,0.5544
MOD13Q1_006__250m_16_days_NDVI_doy2014017_aid0001,_250m_16_days_NDVI,aid0001,2014-01-17,76471.0,0.0053,0.9727,"(0.0053,0.9727)",0.6490813,0.1381424,0.0190833,0.771,0.9727,0.6562,0.1905,0.5384
MOD13Q1_006__250m_16_days_NDVI_doy2014033_aid0001,_250m_16_days_NDVI,aid0001,2014-02-02,74640.0,-0.0005,0.9993,"(-0.0005,0.9993)",0.3879947,0.2291004,0.052487,0.5527,0.9993,0.3557,-0.0005,0.1942
MOD13Q1_006__250m_16_days_NDVI_doy2014049_aid0001,_250m_16_days_NDVI,aid0001,2014-02-18,76231.0,0.0328,0.9975,"(0.0328,0.9975)",0.6283729,0.1686295,0.0284359,0.7726,0.9975,0.6372,0.1281,0.5148
MOD13Q1_006__250m_16_days_NDVI_doy2014065_aid0001,_250m_16_days_NDVI,aid0001,2014-03-06,76251.0,0.0211,0.9995,"(0.0211,0.9995)",0.5933427,0.1698531,0.0288501,0.7207,0.9995,0.6061,0.1851,0.5064
MOD13Q1_006__250m_16_days_NDVI_doy2014081_aid0001,_250m_16_days_NDVI,aid0001,2014-03-22,75936.0,0.0171,0.9993,"(0.0171,0.9993)",0.603579,0.182835,0.0334286,0.75,0.9993,0.61605,0.1063,0.4925
MOD13Q1_006__250m_16_days_NDVI_doy2014097_aid0001,_250m_16_days_NDVI,aid0001,2014-04-07,75030.0,-0.026,0.9993,"(-0.026,0.9993)",0.5050738,0.2100744,0.0441313,0.6557,0.9993,0.5165,-0.026,0.3596
MOD13Q1_006__250m_16_days_NDVI_doy2014113_aid0001,_250m_16_days_NDVI,aid0001,2014-04-23,76503.0,0.2052,0.9155,"(0.2052,0.9155)",0.6594943,0.1235284,0.0152593,0.7684,0.9155,0.6642,0.2562,0.5629
MOD13Q1_006__250m_16_days_NDVI_doy2014129_aid0001,_250m_16_days_NDVI,aid0001,2014-05-09,76395.0,0.0413,0.9917,"(0.0413,0.9917)",0.6354405,0.1370645,0.0187867,0.75455,0.9917,0.6431,0.1887,0.5281
MOD13Q1_006__250m_16_days_NDVI_doy2014145_aid0001,_250m_16_days_NDVI,aid0001,2014-05-25,76499.0,0.192,0.8957,"(0.192,0.8957)",0.6304678,0.1352697,0.0182979,0.7498,0.8957,0.6346,0.192,0.5202
MOD13Q1_006__250m_16_days_NDVI_doy2014161_aid0001,_250m_16_days_NDVI,aid0001,2014-06-10,76503.0,0.1035,0.8675,"(0.1035,0.8675)",0.5922756,0.1395948,0.0194867,0.7098,0.8675,0.595,0.174,0.4834
MOD13Q1_006__250m_16_days_NDVI_doy2014177_aid0001,_250m_16_days_NDVI,aid0001,2014-06-26,76503.0,0.141,0.8815,"(0.141,0.8815)",0.5524987,0.1414037,0.019995,0.6656,0.8815,0.555,0.141,0.4473
MOD13Q1_006__250m_16_days_NDVI_doy2014193_aid0001,_250m_16_days_NDVI,aid0001,2014-07-12,76503.0,0.1382,0.8739,"(0.1382,0.8739)",0.5346814,0.1426268,0.0203424,0.6439,0.8739,0.5341,0.1382,0.4304
MOD13Q1_006__250m_16_days_NDVI_doy2014209_aid0001,_250m_16_days_NDVI,aid0001,2014-07-28,76503.0,0.1399,0.8804,"(0.1399,0.8804)",0.5051456,0.1383788,0.0191487,0.6054,0.8804,0.5022,0.1399,0.4047
MOD13Q1_006__250m_16_days_NDVI_doy2014225_aid0001,_250m_16_days_NDVI,aid0001,2014-08-13,76503.0,0.1473,0.8722,"(0.1473,0.8722)",0.4821047,0.1353824,0.0183284,0.5753,0.8616,0.4766,0.1473,0.3842
MOD13Q1_006__250m_16_days_NDVI_doy2014241_aid0001,_250m_16_days_NDVI,aid0001,2014-08-29,76503.0,0.1469,0.9733,"(0.1469,0.9733)",0.4787287,0.1283783,0.016481,0.565,0.8325,0.4751,0.1469,0.3864
MOD13Q1_006__250m_16_days_NDVI_doy2014257_aid0001,_250m_16_days_NDVI,aid0001,2014-09-14,76501.0,0.0936,0.9242,"(0.0936,0.9242)",0.4823497,0.125463,0.015741,0.5687,0.8229,0.4869,0.1444,0.3988
MOD13Q1_006__250m_16_days_NDVI_doy2014273_aid0001,_250m_16_days_NDVI,aid0001,2014-09-30,76503.0,0.13,0.8776,"(0.13,0.8776)",0.4886152,0.1438025,0.0206792,0.5937,0.8776,0.4859,0.13,0.3807
MOD13Q1_006__250m_16_days_NDVI_doy2014289_aid0001,_250m_16_days_NDVI,aid0001,2014-10-16,76249.0,0.0138,0.9961,"(0.0138,0.9961)",0.4812976,0.1729568,0.0299141,0.6081,0.9681,0.4835,0.0138,0.3669
MOD13Q1_006__250m_16_days_NDVI_doy2014305_aid0001,_250m_16_days_NDVI,aid0001,2014-11-01,76294.0,0.0195,0.9954,"(0.0195,0.9954)",0.5567696,0.1540771,0.0237398,0.6775,0.9954,0.5606,0.0846,0.4391
MOD13Q1_006__250m_16_days_NDVI_doy2014321_aid0001,_250m_16_days_NDVI,aid0001,2014-11-17,76283.0,0.0038,0.9989,"(0.0038,0.9989)",0.6102691,0.1634423,0.0267134,0.745,0.9989,0.6209,0.1198,0.4949
MOD13Q1_006__250m_16_days_NDVI_doy2014337_aid0001,_250m_16_days_NDVI,aid0001,2014-12-03,76271.0,0.0163,0.9993,"(0.0163,0.9993)",0.6323457,0.1629563,0.0265548,0.7704,0.9993,0.6422,0.1335,0.5154
MOD13Q1_006__250m_16_days_NDVI_doy2014353_aid0001,_250m_16_days_NDVI,aid0001,2014-12-19,76503.0,0.2045,0.9729,"(0.2045,0.9729)",0.6303514,0.1415282,0.0200302,0.7563,0.9729,0.6355,0.2045,0.5125
MOD13Q1_006__250m_16_days_NDVI_doy2015001_aid0001,_250m_16_days_NDVI,aid0001,2015-01-01,74930.0,0.0041,0.9994,"(0.0041,0.9994)",0.537014,0.199933,0.0399732,0.6839,0.9994,0.5388,0.0141,0.4142
MOD13Q1_006__250m_16_days_NDVI_doy2015017_aid0001,_250m_16_days_NDVI,aid0001,2015-01-17,75101.0,0.0108,0.9986,"(0.0108,0.9986)",0.5250262,0.2179322,0.0474944,0.693,0.9986,0.5401,0.0108,0.3843
MOD13Q1_006__250m_16_days_NDVI_doy2015033_aid0001,_250m_16_days_NDVI,aid0001,2015-02-02,75484.0,0.0087,0.9989,"(0.0087,0.9989)",0.5193277,0.202819,0.0411355,0.6736,0.9989,0.53285,0.0087,0.3946
MOD13Q1_006__250m_16_days_NDVI_doy2015049_aid0001,_250m_16_days_NDVI,aid0001,2015-02-18,76009.0,0.0142,0.9994,"(0.0142,0.9994)",0.5164789,0.2168318,0.047016,0.6865,0.9994,0.5424,0.0142,0.3761
MOD13Q1_006__250m_16_days_NDVI_doy2015065_aid0001,_250m_16_days_NDVI,aid0001,2015-03-06,75332.0,0.0177,0.9991,"(0.0177,0.9991)",0.5469186,0.2051194,0.042074,0.7141,0.9991,0.5697,0.0177,0.3915
MOD13Q1_006__250m_16_days_NDVI_doy2015081_aid0001,_250m_16_days_NDVI,aid0001,2015-03-22,74324.0,0.0124,0.9994,"(0.0124,0.9994)",0.4643329,0.2219313,0.0492535,0.6301,0.9994,0.4587,0.0124,0.2857
MOD13Q1_006__250m_16_days_NDVI_doy2015097_aid0001,_250m_16_days_NDVI,aid0001,2015-04-07,75125.0,0.0074,0.9988,"(0.0074,0.9988)",0.4670802,0.2239929,0.0501728,0.6414,0.9988,0.4733,0.0074,0.2855
MOD13Q1_006__250m_16_days_NDVI_doy2015113_aid0001,_250m_16_days_NDVI,aid0001,2015-04-23,76021.0,0.0107,0.9989,"(0.0107,0.9989)",0.6627482,0.1514548,0.0229385,0.7765,0.9989,0.6797,0.3053,0.588
MOD13Q1_006__250m_16_days_NDVI_doy2015129_aid0001,_250m_16_days_NDVI,aid0001,2015-05-09,76503.0,0.1952,0.9437,"(0.1952,0.9437)",0.6398224,0.1389177,0.0192981,0.7646,0.9437,0.6457,0.1952,0.5261
MOD13Q1_006__250m_16_days_NDVI_doy2015145_aid0001,_250m_16_days_NDVI,aid0001,2015-05-25,76465.0,0.1504,0.9946,"(0.1504,0.9946)",0.6300446,0.1372451,0.0188362,0.7467,0.9946,0.6378,0.1999,0.526
MOD13Q1_006__250m_16_days_NDVI_doy2015161_aid0001,_250m_16_days_NDVI,aid0001,2015-06-10,76503.0,0.1668,0.8881,"(0.1668,0.8881)",0.5861278,0.1496869,0.0224062,0.7127,0.8881,0.5906,0.1668,0.4702
MOD13Q1_006__250m_16_days_NDVI_doy2015177_aid0001,_250m_16_days_NDVI,aid0001,2015-06-26,76503.0,0.1515,0.8823,"(0.1515,0.8823)",0.5504179,0.1485662,0.0220719,0.6689,0.8823,0.5518,0.1515,0.4393
MOD13Q1_006__250m_16_days_NDVI_doy2015193_aid0001,_250m_16_days_NDVI,aid0001,2015-07-12,76503.0,0.1398,0.8807,"(0.1398,0.8807)",0.5271793,0.1446177,0.0209143,0.6376,0.8807,0.527,0.1398,0.4217
MOD13Q1_006__250m_16_days_NDVI_doy2015209_aid0001,_250m_16_days_NDVI,aid0001,2015-07-28,76503.0,0.139,0.881,"(0.139,0.881)",0.5013328,0.1407145,0.0198006,0.6025,0.881,0.4984,0.139,0.3998
MOD13Q1_006__250m_16_days_NDVI_doy2015225_aid0001,_250m_16_days_NDVI,aid0001,2015-08-13,76503.0,0.1247,0.8848,"(0.1247,0.8848)",0.4802248,0.1373369,0.0188614,0.575,0.8643,0.476,0.1247,0.3815
MOD13Q1_006__250m_16_days_NDVI_doy2015241_aid0001,_250m_16_days_NDVI,aid0001,2015-08-29,76492.0,0.1286,0.9819,"(0.1286,0.9819)",0.4851306,0.1318765,0.0173914,0.5754,0.8506,0.48315,0.1286,0.3916
MOD13Q1_006__250m_16_days_NDVI_doy2015257_aid0001,_250m_16_days_NDVI,aid0001,2015-09-14,76499.0,0.1283,0.8921,"(0.1283,0.8921)",0.489064,0.1356047,0.0183886,0.5833,0.8668,0.49,0.1283,0.3941
MOD13Q1_006__250m_16_days_NDVI_doy2015273_aid0001,_250m_16_days_NDVI,aid0001,2015-09-30,76503.0,0.1254,0.9953,"(0.1254,0.9953)",0.506253,0.1425345,0.0203161,0.6112,0.8856,0.5167,0.1254,0.4069
MOD13Q1_006__250m_16_days_NDVI_doy2015289_aid0001,_250m_16_days_NDVI,aid0001,2015-10-16,76491.0,0.1179,0.9967,"(0.1179,0.9967)",0.4782534,0.1326386,0.017593,0.575,0.8604,0.4834,0.1179,0.381
MOD13Q1_006__250m_16_days_NDVI_doy2015305_aid0001,_250m_16_days_NDVI,aid0001,2015-11-01,76501.0,0.0463,0.8983,"(0.0463,0.8983)",0.5449128,0.1397617,0.0195333,0.6511,0.8983,0.5547,0.1305,0.4413
MOD13Q1_006__250m_16_days_NDVI_doy2015321_aid0001,_250m_16_days_NDVI,aid0001,2015-11-17,76503.0,0.1527,0.8844,"(0.1527,0.8844)",0.5347665,0.1267334,0.0160613,0.6264,0.8844,0.5376,0.169,0.4434
MOD13Q1_006__250m_16_days_NDVI_doy2015337_aid0001,_250m_16_days_NDVI,aid0001,2015-12-03,76303.0,-0.0083,0.9973,"(-0.0083,0.9973)",0.5502412,0.1807823,0.0326823,0.6852,0.9973,0.5734,0.0605,0.4353
MOD13Q1_006__250m_16_days_NDVI_doy2015353_aid0001,_250m_16_days_NDVI,aid0001,2015-12-19,76503.0,0.0267,0.9953,"(0.0267,0.9953)",0.5950612,0.1510655,0.0228208,0.7119,0.9953,0.6114,0.1587,0.4906
MOD13Q1_006__250m_16_days_NDVI_doy2016001_aid0001,_250m_16_days_NDVI,aid0001,2016-01-01,76209.0,-0.0341,0.9993,"(-0.0341,0.9993)",0.5476433,0.1660594,0.0275757,0.6768,0.9993,0.5538,0.0738,0.4356
MOD13Q1_006__250m_16_days_NDVI_doy2016017_aid0001,_250m_16_days_NDVI,aid0001,2016-01-17,76227.0,0.0175,0.9978,"(0.0175,0.9978)",0.638082,0.1454711,0.0211619,0.749,0.9978,0.6538,0.2526,0.5504
MOD13Q1_006__250m_16_days_NDVI_doy2016033_aid0001,_250m_16_days_NDVI,aid0001,2016-02-02,76503.0,0.1976,0.9846,"(0.1976,0.9846)",0.6413815,0.1426797,0.0203575,0.7671,0.9846,0.65,0.1976,0.5244
MOD13Q1_006__250m_16_days_NDVI_doy2016049_aid0001,_250m_16_days_NDVI,aid0001,2016-02-18,76423.0,0.0563,0.9988,"(0.0563,0.9988)",0.6379542,0.1455646,0.021189,0.7666,0.9988,0.6462,0.1574,0.5217
MOD13Q1_006__250m_16_days_NDVI_doy2016065_aid0001,_250m_16_days_NDVI,aid0001,2016-03-05,75989.0,0.0107,0.9994,"(0.0107,0.9994)",0.6056714,0.1864808,0.0347751,0.7459,0.9994,0.6339,0.1102,0.4916
MOD13Q1_006__250m_16_days_NDVI_doy2016081_aid0001,_250m_16_days_NDVI,aid0001,2016-03-21,75777.0,-0.0179,0.998,"(-0.0179,0.998)",0.6310435,0.1930746,0.0372778,0.7775,0.998,0.6797,0.2255,0.5567
MOD13Q1_006__250m_16_days_NDVI_doy2016097_aid0001,_250m_16_days_NDVI,aid0001,2016-04-06,76489.0,0.015,0.9967,"(0.015,0.9967)",0.6607786,0.1348715,0.0181903,0.7802,0.9967,0.668,0.2226,0.5567
MOD13Q1_006__250m_16_days_NDVI_doy2016113_aid0001,_250m_16_days_NDVI,aid0001,2016-04-22,76433.0,0.031,0.995,"(0.031,0.995)",0.6746655,0.1227987,0.0150795,0.7725,0.995,0.687,0.3336,0.5967
MOD13Q1_006__250m_16_days_NDVI_doy2016129_aid0001,_250m_16_days_NDVI,aid0001,2016-05-08,76499.0,0.1847,0.9574,"(0.1847,0.9574)",0.6379115,0.1385779,0.0192038,0.7616,0.9574,0.6413,0.1847,0.5225
MOD13Q1_006__250m_16_days_NDVI_doy2016145_aid0001,_250m_16_days_NDVI,aid0001,2016-05-24,76493.0,0.1763,0.9934,"(0.1763,0.9934)",0.6370859,0.1344298,0.0180714,0.7514,0.9934,0.6438,0.2101,0.5336
MOD13Q1_006__250m_16_days_NDVI_doy2016161_aid0001,_250m_16_days_NDVI,aid0001,2016-06-09,76492.0,0.1906,0.9252,"(0.1906,0.9252)",0.607514,0.135769,0.0184332,0.7198,0.9252,0.6095,0.1906,0.502275
MOD13Q1_006__250m_16_days_NDVI_doy2016177_aid0001,_250m_16_days_NDVI,aid0001,2016-06-25,76503.0,0.1478,0.8666,"(0.1478,0.8666)",0.5566283,0.1408546,0.01984,0.6687,0.8666,0.5554,0.1478,0.4486
MOD13Q1_006__250m_16_days_NDVI_doy2016193_aid0001,_250m_16_days_NDVI,aid0001,2016-07-11,76503.0,0.1325,0.8521,"(0.1325,0.8521)",0.5244939,0.1350582,0.0182407,0.6249,0.8521,0.5232,0.1325,0.4273
MOD13Q1_006__250m_16_days_NDVI_doy2016209_aid0001,_250m_16_days_NDVI,aid0001,2016-07-27,76503.0,0.1303,0.8689,"(0.1303,0.8689)",0.4805986,0.1290726,0.0166597,0.5706,0.8435,0.4756,0.1303,0.3882
MOD13Q1_006__250m_16_days_NDVI_doy2016225_aid0001,_250m_16_days_NDVI,aid0001,2016-08-12,76503.0,0.1493,0.8361,"(0.1493,0.8361)",0.4612893,0.1156731,0.0133803,0.5378,0.7733,0.4584,0.1493,0.3807
MOD13Q1_006__250m_16_days_NDVI_doy2016241_aid0001,_250m_16_days_NDVI,aid0001,2016-08-28,76503.0,0.1378,0.8663,"(0.1378,0.8663)",0.4440026,0.1159817,0.0134518,0.5166,0.7464,0.4386,0.1378,0.3634
MOD13Q1_006__250m_16_days_NDVI_doy2016257_aid0001,_250m_16_days_NDVI,aid0001,2016-09-13,76503.0,0.0477,0.839,"(0.0477,0.839)",0.4584544,0.1101344,0.0121296,0.532,0.7603,0.4592,0.1538,0.3796
MOD13Q1_006__250m_16_days_NDVI_doy2016273_aid0001,_250m_16_days_NDVI,aid0001,2016-09-29,76495.0,0.1455,0.9803,"(0.1455,0.9803)",0.5420871,0.1284646,0.0165032,0.6349,0.9097,0.5432,0.18,0.4503
MOD13Q1_006__250m_16_days_NDVI_doy2016289_aid0001,_250m_16_days_NDVI,aid0001,2016-10-15,76470.0,0.0111,0.9936,"(0.0111,0.9936)",0.526073,0.1397109,0.0195191,0.6291,0.9291,0.5244,0.1132,0.4225
MOD13Q1_006__250m_16_days_NDVI_doy2016305_aid0001,_250m_16_days_NDVI,aid0001,2016-10-31,76439.0,0.0276,0.9967,"(0.0276,0.9967)",0.5726874,0.1301002,0.0169261,0.6718,0.9478,0.5789,0.1999,0.4829
MOD13Q1_006__250m_16_days_NDVI_doy2016321_aid0001,_250m_16_days_NDVI,aid0001,2016-11-16,76491.0,0.0344,0.9594,"(0.0344,0.9594)",0.6526825,0.1199955,0.0143989,0.7486,0.9594,0.6638,0.2936,0.5666
MOD13Q1_006__250m_16_days_NDVI_doy2016337_aid0001,_250m_16_days_NDVI,aid0001,2016-12-02,75178.0,-0.0009,0.999,"(-0.0009,0.999)",0.5235038,0.207795,0.0431787,0.6838,0.999,0.5337,-0.0009,0.3795
MOD13Q1_006__250m_16_days_NDVI_doy2016353_aid0001,_250m_16_days_NDVI,aid0001,2016-12-18,76078.0,0.0031,0.9985,"(0.0031,0.9985)",0.5343283,0.1988421,0.0395382,0.6978,0.9985,0.56,0.0031,0.3952
MOD13Q1_006__250m_16_days_NDVI_doy2017001_aid0001,_250m_16_days_NDVI,aid0001,2017-01-01,76119.0,-0.0379,0.9985,"(-0.0379,0.9985)",0.6217663,0.1878948,0.0353044,0.7696,0.9985,0.6533,0.1529,0.5229
MOD13Q1_006__250m_16_days_NDVI_doy2017017_aid0001,_250m_16_days_NDVI,aid0001,2017-01-17,76395.0,0.0181,0.9972,"(0.0181,0.9972)",0.6392961,0.1544559,0.0238566,0.7711,0.9972,0.6522,0.1502,0.5226
MOD13Q1_006__250m_16_days_NDVI_doy2017033_aid0001,_250m_16_days_NDVI,aid0001,2017-02-02,75631.0,0.008,0.998,"(0.008,0.998)",0.4617119,0.2212305,0.0489429,0.627,0.998,0.468,0.008,0.2864
MOD13Q1_006__250m_16_days_NDVI_doy2017049_aid0001,_250m_16_days_NDVI,aid0001,2017-02-18,76305.0,0.0268,0.9951,"(0.0268,0.9951)",0.6371951,0.1417106,0.0200819,0.7531,0.9951,0.6425,0.2082,0.5351
MOD13Q1_006__250m_16_days_NDVI_doy2017065_aid0001,_250m_16_days_NDVI,aid0001,2017-03-06,75222.0,0.0185,0.9991,"(0.0185,0.9991)",0.4487283,0.2188494,0.047895,0.611,0.9991,0.4457,0.0185,0.2746
MOD13Q1_006__250m_16_days_NDVI_doy2017081_aid0001,_250m_16_days_NDVI,aid0001,2017-03-22,76105.0,0.0312,0.9989,"(0.0312,0.9989)",0.6348362,0.1576581,0.0248561,0.7578,0.9989,0.6537,0.2153,0.5407
MOD13Q1_006__250m_16_days_NDVI_doy2017097_aid0001,_250m_16_days_NDVI,aid0001,2017-04-07,75811.0,0.0093,0.9987,"(0.0093,0.9987)",0.6337881,0.1707866,0.0291681,0.773,0.9987,0.6523,0.1504,0.5239
MOD13Q1_006__250m_16_days_NDVI_doy2017113_aid0001,_250m_16_days_NDVI,aid0001,2017-04-23,76443.0,0.0389,0.9875,"(0.0389,0.9875)",0.6348157,0.1464786,0.021456,0.7648,0.9875,0.6417,0.1517,0.5195
MOD13Q1_006__250m_16_days_NDVI_doy2017129_aid0001,_250m_16_days_NDVI,aid0001,2017-05-09,76494.0,0.1756,0.9789,"(0.1756,0.9789)",0.6399453,0.1361863,0.0185467,0.7595,0.9789,0.6458,0.1919,0.532
MOD13Q1_006__250m_16_days_NDVI_doy2017145_aid0001,_250m_16_days_NDVI,aid0001,2017-05-25,76503.0,0.1577,0.9956,"(0.1577,0.9956)",0.6303632,0.1401576,0.0196441,0.7522,0.9956,0.6362,0.1728,0.51985
MOD13Q1_006__250m_16_days_NDVI_doy2017161_aid0001,_250m_16_days_NDVI,aid0001,2017-06-10,76503.0,0.1714,0.9038,"(0.1714,0.9038)",0.5939748,0.1493908,0.0223176,0.7189,0.9038,0.6,0.1714,0.4776
MOD13Q1_006__250m_16_days_NDVI_doy2017177_aid0001,_250m_16_days_NDVI,aid0001,2017-06-26,76503.0,0.1737,0.8871,"(0.1737,0.8871)",0.557076,0.1470512,0.0216241,0.6748,0.8871,0.5575,0.1737,0.44305
MOD13Q1_006__250m_16_days_NDVI_doy2017193_aid0001,_250m_16_days_NDVI,aid0001,2017-07-12,76503.0,0.169,0.8754,"(0.169,0.8754)",0.5223738,0.1404627,0.0197298,0.6285,0.8754,0.5178,0.169,0.4158
MOD13Q1_006__250m_16_days_NDVI_doy2017209_aid0001,_250m_16_days_NDVI,aid0001,2017-07-28,76503.0,0.1571,0.8655,"(0.1571,0.8655)",0.4991588,0.1325571,0.0175714,0.5945,0.8655,0.4936,0.1571,0.3998
MOD13Q1_006__250m_16_days_NDVI_doy2017225_aid0001,_250m_16_days_NDVI,aid0001,2017-08-13,76503.0,0.1564,0.881,"(0.1564,0.881)",0.478817,0.1303501,0.0169912,0.5669,0.8443,0.4712,0.1564,0.3818
MOD13Q1_006__250m_16_days_NDVI_doy2017241_aid0001,_250m_16_days_NDVI,aid0001,2017-08-29,76503.0,0.1547,0.9035,"(0.1547,0.9035)",0.4602845,0.1273183,0.0162099,0.5432,0.809,0.4521,0.1547,0.366
MOD13Q1_006__250m_16_days_NDVI_doy2017257_aid0001,_250m_16_days_NDVI,aid0001,2017-09-14,76503.0,0.1525,0.8588,"(0.1525,0.8588)",0.4545169,0.1252774,0.0156944,0.5366,0.7984,0.4465,0.1525,0.3619
MOD13Q1_006__250m_16_days_NDVI_doy2017273_aid0001,_250m_16_days_NDVI,aid0001,2017-09-30,76503.0,0.0484,0.9545,"(0.0484,0.9545)",0.4612586,0.1155546,0.0133529,0.5381,0.777,0.4581,0.1421,0.3788
MOD13Q1_006__250m_16_days_NDVI_doy2017289_aid0001,_250m_16_days_NDVI,aid0001,2017-10-16,76503.0,0.0846,0.9852,"(0.0846,0.9852)",0.4510501,0.132666,0.0176003,0.54255,0.8294,0.4451,0.0846,0.3512
MOD13Q1_006__250m_16_days_NDVI_doy2017305_aid0001,_250m_16_days_NDVI,aid0001,2017-11-01,76503.0,0.0379,0.9838,"(0.0379,0.9838)",0.4861027,0.1391745,0.0193695,0.5878,0.8987,0.4882,0.0866,0.3797
MOD13Q1_006__250m_16_days_NDVI_doy2017321_aid0001,_250m_16_days_NDVI,aid0001,2017-11-17,76503.0,0.0452,0.9994,"(0.0452,0.9994)",0.6030211,0.1587076,0.0251881,0.7334,0.9994,0.6171,0.1043,0.48175
MOD13Q1_006__250m_16_days_NDVI_doy2017337_aid0001,_250m_16_days_NDVI,aid0001,2017-12-03,76503.0,0.0337,0.9991,"(0.0337,0.9991)",0.6093178,0.1580772,0.0249884,0.7383,0.9991,0.6276,0.127,0.4937
MOD13Q1_006__250m_16_days_NDVI_doy2017353_aid0001,_250m_16_days_NDVI,aid0001,2017-12-19,76501.0,0.0345,0.9995,"(0.0345,0.9995)",0.6157155,0.1659361,0.0275348,0.7551,0.9995,0.6272,0.1134,0.4984
MOD13Q1_006__250m_16_days_NDVI_doy2018001_aid0001,_250m_16_days_NDVI,aid0001,2018-01-01,76503.0,0.0257,0.9995,"(0.0257,0.9995)",0.6309398,0.1717926,0.0295127,0.766,0.9995,0.6541,0.1874,0.5345
MOD13Q1_006__250m_16_days_NDVI_doy2018017_aid0001,_250m_16_days_NDVI,aid0001,2018-01-17,76501.0,0.0131,0.9989,"(0.0131,0.9989)",0.6263878,0.1511323,0.022841,0.7522,0.9989,0.632,0.1676,0.5183
MOD13Q1_006__250m_16_days_NDVI_doy2018033_aid0001,_250m_16_days_NDVI,aid0001,2018-02-02,76503.0,0.0103,0.9981,"(0.0103,0.9981)",0.5861333,0.1859111,0.0345629,0.7362,0.9981,0.5873,0.0625,0.4667
MOD13Q1_006__250m_16_days_NDVI_doy2018049_aid0001,_250m_16_days_NDVI,aid0001,2018-02-18,76503.0,-0.1196,0.9975,"(-0.1196,0.9975)",0.6743267,0.1369456,0.0187541,0.7917,0.9975,0.6872,0.2338,0.5685
MOD13Q1_006__250m_16_days_NDVI_doy2018065_aid0001,_250m_16_days_NDVI,aid0001,2018-03-06,76497.0,0.0207,0.9991,"(0.0207,0.9991)",0.510596,0.1983479,0.0393419,0.6524,0.9991,0.4986,0.0207,0.3678
MOD13Q1_006__250m_16_days_NDVI_doy2018081_aid0001,_250m_16_days_NDVI,aid0001,2018-03-22,76503.0,0.0192,0.9911,"(0.0192,0.9911)",0.6586142,0.1495505,0.0223654,0.79,0.9911,0.6699,0.1661,0.5401
MOD13Q1_006__250m_16_days_NDVI_doy2018097_aid0001,_250m_16_days_NDVI,aid0001,2018-04-07,76503.0,0.0681,0.9933,"(0.0681,0.9933)",0.6714938,0.1346758,0.0181376,0.7856,0.9933,0.6852,0.255,0.5733
MOD13Q1_006__250m_16_days_NDVI_doy2018113_aid0001,_250m_16_days_NDVI,aid0001,2018-04-23,76503.0,0.0627,0.988,"(0.0627,0.988)",0.6652257,0.1195369,0.0142891,0.7649,0.988,0.6755,0.3056,0.581
MOD13Q1_006__250m_16_days_NDVI_doy2018129_aid0001,_250m_16_days_NDVI,aid0001,2018-05-09,76503.0,0.1556,0.9949,"(0.1556,0.9949)",0.6279857,0.1465718,0.0214833,0.7519,0.9949,0.6416,0.1608,0.5154
MOD13Q1_006__250m_16_days_NDVI_doy2018145_aid0001,_250m_16_days_NDVI,aid0001,2018-05-25,76503.0,0.1802,0.9762,"(0.1802,0.9762)",0.6093132,0.1440155,0.0207405,0.731,0.9762,0.6194,0.1802,0.4928
MOD13Q1_006__250m_16_days_NDVI_doy2018161_aid0001,_250m_16_days_NDVI,aid0001,2018-06-10,76503.0,0.1883,0.8817,"(0.1883,0.8817)",0.5823126,0.1457118,0.0212319,0.7024,0.8817,0.5894,0.1883,0.465
MOD13Q1_006__250m_16_days_NDVI_doy2018177_aid0001,_250m_16_days_NDVI,aid0001,2018-06-26,76503.0,0.1868,0.955,"(0.1868,0.955)",0.5474584,0.1438522,0.0206934,0.6614,0.955,0.5475,0.1868,0.4335
MOD13Q1_006__250m_16_days_NDVI_doy2018193_aid0001,_250m_16_days_NDVI,aid0001,2018-07-12,76503.0,0.1692,0.8908,"(0.1692,0.8908)",0.5266123,0.1405628,0.0197579,0.63325,0.8908,0.5239,0.1692,0.4164
MOD13Q1_006__250m_16_days_NDVI_doy2018209_aid0001,_250m_16_days_NDVI,aid0001,2018-07-28,76503.0,0.1684,0.964,"(0.1684,0.964)",0.5110418,0.131552,0.0173059,0.6067,0.8967,0.508,0.1684,0.4105
MOD13Q1_006__250m_16_days_NDVI_doy2018225_aid0001,_250m_16_days_NDVI,aid0001,2018-08-13,76503.0,0.1707,0.8781,"(0.1707,0.8781)",0.4969866,0.1301841,0.0169479,0.5862,0.8691,0.4892,0.1707,0.3971
MOD13Q1_006__250m_16_days_NDVI_doy2018241_aid0001,_250m_16_days_NDVI,aid0001,2018-08-29,76503.0,0.1709,0.8937,"(0.1709,0.8937)",0.5029473,0.1277132,0.0163107,0.5895,0.8635,0.4974,0.1709,0.4066
MOD13Q1_006__250m_16_days_NDVI_doy2018257_aid0001,_250m_16_days_NDVI,aid0001,2018-09-14,76503.0,0.0893,0.886,"(0.0893,0.886)",0.488243,0.1258018,0.0158261,0.5728,0.8443,0.4778,0.1195,0.3912
MOD13Q1_006__250m_16_days_NDVI_doy2018273_aid0001,_250m_16_days_NDVI,aid0001,2018-09-30,76501.0,0.0295,0.9994,"(0.0295,0.9994)",0.493642,0.1499334,0.02248,0.5992,0.9188,0.4953,0.0655,0.3857
MOD13Q1_006__250m_16_days_NDVI_doy2018289_aid0001,_250m_16_days_NDVI,aid0001,2018-10-16,76503.0,0.0718,0.9667,"(0.0718,0.9667)",0.5479737,0.1331976,0.0177416,0.6502,0.9553,0.551,0.1393,0.4449
MOD13Q1_006__250m_16_days_NDVI_doy2018305_aid0001,_250m_16_days_NDVI,aid0001,2018-11-01,76502.0,0.0242,0.9992,"(0.0242,0.9992)",0.5007539,0.1910172,0.0364876,0.646475,0.9992,0.5029,0.0242,0.3693
MOD13Q1_006__250m_16_days_NDVI_doy2018321_aid0001,_250m_16_days_NDVI,aid0001,2018-11-17,76503.0,0.0376,0.9931,"(0.0376,0.9931)",0.6450838,0.1289453,0.0166269,0.7504,0.9931,0.6526,0.2427,0.547
MOD13Q1_006__250m_16_days_NDVI_doy2018337_aid0001,_250m_16_days_NDVI,aid0001,2018-12-03,76503.0,0.0319,0.9981,"(0.0319,0.9981)",0.647612,0.1364565,0.0186204,0.7609,0.9981,0.6516,0.2199,0.5444
MOD13Q1_006__250m_16_days_NDVI_doy2018353_aid0001,_250m_16_days_NDVI,aid0001,2018-12-19,76503.0,0.1938,0.9876,"(0.1938,0.9876)",0.6504753,0.1337212,0.0178814,0.7667,0.9876,0.6556,0.2005,0.5394
MOD13Q1_006__250m_16_days_NDVI_doy2019001_aid0001,_250m_16_days_NDVI,aid0001,2019-01-01,76503.0,0.0795,0.9986,"(0.0795,0.9986)",0.6472573,0.1343285,0.0180441,0.76235,0.9986,0.6522,0.2043,0.5389
MOD13Q1_006__250m_16_days_NDVI_doy2019017_aid0001,_250m_16_days_NDVI,aid0001,2019-01-17,76502.0,0.0274,0.9994,"(0.0274,0.9994)",0.6160032,0.178239,0.0317691,0.752,0.9994,0.63165,0.167,0.518
MOD13Q1_006__250m_16_days_NDVI_doy2019033_aid0001,_250m_16_days_NDVI,aid0001,2019-02-02,76502.0,0.0228,0.9981,"(0.0228,0.9981)",0.4791375,0.217642,0.047368,0.6414,0.9981,0.4889,0.0228,0.3051
MOD13Q1_006__250m_16_days_NDVI_doy2019049_aid0001,_250m_16_days_NDVI,aid0001,2019-02-18,76094.0,0.0112,0.9994,"(0.0112,0.9994)",0.4631693,0.1995336,0.0398136,0.5916,0.992,0.4724,0.0112,0.3243
MOD13Q1_006__250m_16_days_NDVI_doy2019065_aid0001,_250m_16_days_NDVI,aid0001,2019-03-06,76489.0,0.0283,0.999,"(0.0283,0.999)",0.4944591,0.1970267,0.0388195,0.6331,0.999,0.4973,0.0283,0.3535
MOD13Q1_006__250m_16_days_NDVI_doy2019081_aid0001,_250m_16_days_NDVI,aid0001,2019-03-22,76503.0,0.0336,0.9993,"(0.0336,0.9993)",0.6252145,0.1752137,0.0306998,0.7708,0.9993,0.6334,0.1256,0.5126
MOD13Q1_006__250m_16_days_NDVI_doy2019097_aid0001,_250m_16_days_NDVI,aid0001,2019-04-07,76498.0,0.0333,0.9994,"(0.0333,0.9994)",0.5773724,0.1987483,0.0395009,0.7327,0.9994,0.589,0.0333,0.4456
MOD13Q1_006__250m_16_days_NDVI_doy2019113_aid0001,_250m_16_days_NDVI,aid0001,2019-04-23,76503.0,0.1869,0.9241,"(0.1869,0.9241)",0.6756004,0.1264569,0.0159913,0.7862,0.9241,0.6895,0.2563,0.574
MOD13Q1_006__250m_16_days_NDVI_doy2019129_aid0001,_250m_16_days_NDVI,aid0001,2019-05-09,76503.0,0.0506,0.9949,"(0.0506,0.9949)",0.6530071,0.1370118,0.0187722,0.7618,0.9949,0.6704,0.2668,0.5637
MOD13Q1_006__250m_16_days_NDVI_doy2019145_aid0001,_250m_16_days_NDVI,aid0001,2019-05-25,76503.0,0.2068,0.9659,"(0.2068,0.9659)",0.6543493,0.1375493,0.0189198,0.7721,0.9659,0.6671,0.2185,0.5505
MOD13Q1_006__250m_16_days_NDVI_doy2019161_aid0001,_250m_16_days_NDVI,aid0001,2019-06-10,76503.0,0.195,0.9302,"(0.195,0.9302)",0.613623,0.1310109,0.0171639,0.7185,0.9302,0.6214,0.2256,0.5207
MOD13Q1_006__250m_16_days_NDVI_doy2019177_aid0001,_250m_16_days_NDVI,aid0001,2019-06-26,76503.0,0.1701,0.9268,"(0.1701,0.9268)",0.586473,0.1434564,0.0205797,0.7024,0.9268,0.5922,0.1701,0.4801
MOD13Q1_006__250m_16_days_NDVI_doy2019193_aid0001,_250m_16_days_NDVI,aid0001,2019-07-12,76503.0,0.1592,0.9058,"(0.1592,0.9058)",0.5813397,0.142866,0.0204107,0.6955,0.9058,0.5852,0.1592,0.4741
MOD13Q1_006__250m_16_days_NDVI_doy2019209_aid0001,_250m_16_days_NDVI,aid0001,2019-07-28,76503.0,0.192,0.9288,"(0.192,0.9288)",0.5577038,0.1368929,0.0187397,0.6631,0.9288,0.5567,0.192,0.4551
MOD13Q1_006__250m_16_days_NDVI_doy2019225_aid0001,_250m_16_days_NDVI,aid0001,2019-08-13,76503.0,0.1921,0.9055,"(0.1921,0.9055)",0.5255967,0.1323098,0.0175059,0.6208,0.9055,0.5212,0.1921,0.4261
MOD13Q1_006__250m_16_days_NDVI_doy2019241_aid0001,_250m_16_days_NDVI,aid0001,2019-08-29,76503.0,0.1831,0.8797,"(0.1831,0.8797)",0.5077051,0.1293242,0.0167248,0.5973,0.876,0.5009,0.1831,0.4109
MOD13Q1_006__250m_16_days_NDVI_doy2019257_aid0001,_250m_16_days_NDVI,aid0001,2019-09-14,76503.0,0.1695,0.8998,"(0.1695,0.8998)",0.48621,0.1161078,0.013481,0.5631,0.8071,0.4788,0.1695,0.4004
MOD13Q1_006__250m_16_days_NDVI_doy2019273_aid0001,_250m_16_days_NDVI,aid0001,2019-09-30,76502.0,0.0,0.9975,"(0.0,0.9975)",0.5048633,0.1529969,0.023408,0.612,0.9215,0.5119,0.0916,0.4038
MOD13Q1_006__250m_16_days_NDVI_doy2019289_aid0001,_250m_16_days_NDVI,aid0001,2019-10-16,76503.0,0.029,0.9423,"(0.029,0.9423)",0.5815038,0.1299256,0.0168807,0.6793,0.9423,0.5821,0.2114,0.4921
MOD13Q1_006__250m_16_days_NDVI_doy2019305_aid0001,_250m_16_days_NDVI,aid0001,2019-11-01,76498.0,0.0101,0.9995,"(0.0101,0.9995)",0.5058715,0.2051867,0.0421016,0.6632,0.9995,0.5175,0.0101,0.349025
MOD13Q1_006__250m_16_days_NDVI_doy2019321_aid0001,_250m_16_days_NDVI,aid0001,2019-11-17,76493.0,0.017,0.9996,"(0.017,0.9996)",0.581568,0.190425,0.0362617,0.7229,0.9996,0.6006,0.0768,0.4643
MOD13Q1_006__250m_16_days_NDVI_doy2019337_aid0001,_250m_16_days_NDVI,aid0001,2019-12-03,76500.0,0.0071,0.9995,"(0.0071,0.9995)",0.6325753,0.1634525,0.0267167,0.7513,0.9995,0.656,0.2311,0.5432
MOD13Q1_006__250m_16_days_NDVI_doy2019353_aid0001,_250m_16_days_NDVI,aid0001,2019-12-19,76501.0,0.0129,0.999,"(0.0129,0.999)",0.5912825,0.1822214,0.0332046,0.7286,0.999,0.6159,0.0959,0.4755
MOD13Q1_006__250m_16_days_NDVI_doy2020001_aid0001,_250m_16_days_NDVI,aid0001,2020-01-01,76498.0,0.0192,0.999,"(0.0192,0.999)",0.5156566,0.2025168,0.041013,0.6702,0.999,0.513,0.0192,0.3667
MOD13Q1_006__250m_16_days_NDVI_doy2020017_aid0001,_250m_16_days_NDVI,aid0001,2020-01-17,76503.0,0.0219,0.9993,"(0.0219,0.9993)",0.6179123,0.1711859,0.0293046,0.7541,0.9993,0.6244,0.1405,0.5086
MOD13Q1_006__250m_16_days_NDVI_doy2020033_aid0001,_250m_16_days_NDVI,aid0001,2020-02-02,76498.0,0.0198,0.9992,"(0.0198,0.9992)",0.5100402,0.2024418,0.0409827,0.6632,0.9992,0.4969,0.0198,0.3564
MOD13Q1_006__250m_16_days_NDVI_doy2020049_aid0001,_250m_16_days_NDVI,aid0001,2020-02-18,76500.0,0.0273,0.9993,"(0.0273,0.9993)",0.5269105,0.1703888,0.0290323,0.6435,0.9893,0.5154,0.067,0.412575
MOD13Q1_006__250m_16_days_NDVI_doy2020065_aid0001,_250m_16_days_NDVI,aid0001,2020-03-05,76498.0,0.031,0.9994,"(0.031,0.9994)",0.6072587,0.1749849,0.0306197,0.7447,0.9994,0.6138,0.1118,0.4915
MOD13Q1_006__250m_16_days_NDVI_doy2020081_aid0001,_250m_16_days_NDVI,aid0001,2020-03-21,76502.0,0.1009,0.9991,"(0.1009,0.9991)",0.6720314,0.1246998,0.01555,0.778,0.9991,0.6814,0.277,0.5775
MOD13Q1_006__250m_16_days_NDVI_doy2020097_aid0001,_250m_16_days_NDVI,aid0001,2020-04-06,76503.0,0.0983,0.9872,"(0.0983,0.9872)",0.6672586,0.1387857,0.0192615,0.7882,0.9872,0.6788,0.2114,0.5571
MOD13Q1_006__250m_16_days_NDVI_doy2020113_aid0001,_250m_16_days_NDVI,aid0001,2020-04-22,76503.0,0.2199,0.9795,"(0.2199,0.9795)",0.6736944,0.1269262,0.0161103,0.7823,0.9795,0.6845,0.2678,0.5764
MOD13Q1_006__250m_16_days_NDVI_doy2020129_aid0001,_250m_16_days_NDVI,aid0001,2020-05-08,76503.0,0.1679,0.9988,"(0.1679,0.9988)",0.6516022,0.1437084,0.0206521,0.7746,0.9988,0.6661,0.1928,0.5415
MOD13Q1_006__250m_16_days_NDVI_doy2020145_aid0001,_250m_16_days_NDVI,aid0001,2020-05-24,76503.0,0.146,0.9729,"(0.146,0.9729)",0.6415869,0.1431248,0.0204847,0.7603,0.9729,0.6591,0.207,0.5389
MOD13Q1_006__250m_16_days_NDVI_doy2020161_aid0001,_250m_16_days_NDVI,aid0001,2020-06-09,76503.0,0.199,0.9662,"(0.199,0.9662)",0.6284122,0.1439211,0.0207133,0.7494,0.9662,0.6415,0.199,0.5186
MOD13Q1_006__250m_16_days_NDVI_doy2020177_aid0001,_250m_16_days_NDVI,aid0001,2020-06-25,76503.0,0.1983,0.8905,"(0.1983,0.8905)",0.5940788,0.1444438,0.020864,0.7119,0.8905,0.6012,0.1983,0.4836
MOD13Q1_006__250m_16_days_NDVI_doy2020193_aid0001,_250m_16_days_NDVI,aid0001,2020-07-11,76503.0,0.1691,0.883,"(0.1691,0.883)",0.5628675,0.1418291,0.0201155,0.6728,0.883,0.5645,0.1691,0.4557
MOD13Q1_006__250m_16_days_NDVI_doy2020209_aid0001,_250m_16_days_NDVI,aid0001,2020-07-27,76503.0,0.1518,0.8984,"(0.1518,0.8984)",0.5312525,0.1401937,0.0196543,0.6355,0.8984,0.5279,0.1518,0.4263
MOD13Q1_006__250m_16_days_NDVI_doy2020225_aid0001,_250m_16_days_NDVI,aid0001,2020-08-12,76503.0,0.1459,0.9499,"(0.1459,0.9499)",0.5073763,0.1270553,0.016143,0.5933,0.8581,0.5022,0.1524,0.4163
MOD13Q1_006__250m_16_days_NDVI_doy2020241_aid0001,_250m_16_days_NDVI,aid0001,2020-08-28,76503.0,0.1582,0.8777,"(0.1582,0.8777)",0.4989782,0.1346017,0.0181176,0.5902,0.8756,0.4916,0.1582,0.3994
MOD13Q1_006__250m_16_days_NDVI_doy2020257_aid0001,_250m_16_days_NDVI,aid0001,2020-09-13,76503.0,0.1577,0.8823,"(0.1577,0.8823)",0.4899644,0.1298419,0.0168589,0.57685,0.8503,0.4814,0.1577,0.3944
MOD13Q1_006__250m_16_days_NDVI_doy2020273_aid0001,_250m_16_days_NDVI,aid0001,2020-09-29,76503.0,0.1313,0.9754,"(0.1313,0.9754)",0.4992091,0.1191331,0.0141927,0.5804,0.8303,0.4982,0.174,0.4137
MOD13Q1_006__250m_16_days_NDVI_doy2020289_aid0001,_250m_16_days_NDVI,aid0001,2020-10-15,76503.0,0.0449,0.9904,"(0.0449,0.9904)",0.4977615,0.1328817,0.0176575,0.5945,0.8888,0.4991,0.1027,0.3977
MOD13Q1_006__250m_16_days_NDVI_doy2020305_aid0001,_250m_16_days_NDVI,aid0001,2020-10-31,76503.0,0.017,0.9981,"(0.017,0.9981)",0.5332779,0.1595731,0.0254636,0.654,0.9981,0.537,0.0501,0.4117
MOD13Q1_006__250m_16_days_NDVI_doy2020321_aid0001,_250m_16_days_NDVI,aid0001,2020-11-16,76503.0,0.1887,0.9993,"(0.1887,0.9993)",0.6104924,0.1322373,0.0174867,0.7163,0.9993,0.6146,0.1975,0.5068
MOD13Q1_006__250m_16_days_NDVI_doy2020337_aid0001,_250m_16_days_NDVI,aid0001,2020-12-02,76501.0,0.0248,0.9991,"(0.0248,0.9991)",0.5268787,0.1882612,0.0354423,0.6656,0.9991,0.5199,0.0248,0.3916
MOD13Q1_006__250m_16_days_NDVI_doy2020353_aid0001,_250m_16_days_NDVI,aid0001,2020-12-18,76500.0,0.0009,0.9992,"(0.0009,0.9992)",0.5380633,0.2163319,0.0467995,0.7096,0.9992,0.5517,0.0009,0.3781
MOD13Q1_006__250m_16_days_NDVI_doy2021001_aid0001,_250m_16_days_NDVI,aid0001,2021-01-01,76494.0,0.0254,0.9991,"(0.0254,0.9991)",0.6103399,0.184104,0.0338943,0.7598,0.9991,0.6242,0.071,0.4841
MOD13Q1_006__250m_16_days_NDVI_doy2021017_aid0001,_250m_16_days_NDVI,aid0001,2021-01-17,76501.0,0.1168,0.9944,"(0.1168,0.9944)",0.6418612,0.1332909,0.0177665,0.7548,0.9944,0.6464,0.2036,0.5339
MOD13Q1_006__250m_16_days_NDVI_doy2021033_aid0001,_250m_16_days_NDVI,aid0001,2021-02-02,76503.0,0.0429,0.9992,"(0.0429,0.9992)",0.5927876,0.1785032,0.0318634,0.7492,0.9992,0.6059,0.0429,0.4505
MOD13Q1_006__250m_16_days_NDVI_doy2021049_aid0001,_250m_16_days_NDVI,aid0001,2021-02-18,76496.0,-0.0035,0.9994,"(-0.0035,0.9994)",0.546396,0.1807713,0.0326782,0.6721,0.9994,0.5408,0.0773,0.4341
MOD13Q1_006__250m_16_days_NDVI_doy2021065_aid0001,_250m_16_days_NDVI,aid0001,2021-03-06,76501.0,0.013,0.9994,"(0.013,0.9994)",0.5330294,0.197,0.038809,0.6765,0.9994,0.5423,0.013,0.3982
MOD13Q1_006__250m_16_days_NDVI_doy2021081_aid0001,_250m_16_days_NDVI,aid0001,2021-03-22,76503.0,0.0682,0.9897,"(0.0682,0.9897)",0.6558494,0.1327241,0.0176157,0.7657,0.9897,0.6677,0.2482,0.5587
MOD13Q1_006__250m_16_days_NDVI_doy2021097_aid0001,_250m_16_days_NDVI,aid0001,2021-04-07,76503.0,0.0702,0.9968,"(0.0702,0.9968)",0.6562783,0.1189563,0.0141506,0.7561,0.9968,0.6618,0.2757,0.5638
MOD13Q1_006__250m_16_days_NDVI_doy2021113_aid0001,_250m_16_days_NDVI,aid0001,2021-04-23,76503.0,0.0317,0.9983,"(0.0317,0.9983)",0.6564353,0.1424574,0.0202941,0.7732,0.9983,0.669,0.2285,0.5553
MOD13Q1_006__250m_16_days_NDVI_doy2021129_aid0001,_250m_16_days_NDVI,aid0001,2021-05-09,76503.0,0.1798,0.9462,"(0.1798,0.9462)",0.671441,0.1251409,0.0156602,0.7782,0.9462,0.6814,0.2731,0.57525
MOD13Q1_006__250m_16_days_NDVI_doy2021145_aid0001,_250m_16_days_NDVI,aid0001,2021-05-25,76503.0,0.1781,0.9829,"(0.1781,0.9829)",0.6237715,0.1439966,0.020735,0.7436,0.9829,0.6353,0.1781,0.5143
MOD13Q1_006__250m_16_days_NDVI_doy2021161_aid0001,_250m_16_days_NDVI,aid0001,2021-06-10,76503.0,0.178,0.9705,"(0.178,0.9705)",0.5975586,0.1433902,0.0205607,0.71295,0.9705,0.6055,0.178,0.4917
MOD13Q1_006__250m_16_days_NDVI_doy2021177_aid0001,_250m_16_days_NDVI,aid0001,2021-06-26,76503.0,0.184,0.889,"(0.184,0.889)",0.5961375,0.1409005,0.019853,0.7074,0.889,0.6063,0.184,0.4942
MOD13Q1_006__250m_16_days_NDVI_doy2021193_aid0001,_250m_16_days_NDVI,aid0001,2021-07-12,76503.0,0.1703,0.909,"(0.1703,0.909)",0.5545998,0.1417678,0.0200981,0.6632,0.909,0.5557,0.1703,0.4495
MOD13Q1_006__250m_16_days_NDVI_doy2021209_aid0001,_250m_16_days_NDVI,aid0001,2021-07-28,76503.0,0.1803,0.8981,"(0.1803,0.8981)",0.5315275,0.139033,0.0193302,0.6326,0.8981,0.5291,0.1803,0.42885
MOD13Q1_006__250m_16_days_NDVI_doy2021225_aid0001,_250m_16_days_NDVI,aid0001,2021-08-13,76503.0,0.1717,0.8931,"(0.1717,0.8931)",0.5020333,0.130303,0.0169789,0.5919,0.8668,0.4973,0.1717,0.4064
MOD13Q1_006__250m_16_days_NDVI_doy2021241_aid0001,_250m_16_days_NDVI,aid0001,2021-08-29,76503.0,0.0751,0.9585,"(0.0751,0.9585)",0.5018094,0.1197883,0.0143492,0.5835,0.8365,0.4992,0.1657,0.4148
MOD13Q1_006__250m_16_days_NDVI_doy2021257_aid0001,_250m_16_days_NDVI,aid0001,2021-09-14,76503.0,0.0343,0.9861,"(0.0343,0.9861)",0.5176729,0.1197683,0.0143444,0.6023,0.8571,0.5155,0.1708,0.4294
MOD13Q1_006__250m_16_days_NDVI_doy2021273_aid0001,_250m_16_days_NDVI,aid0001,2021-09-30,76502.0,0.0063,0.9994,"(0.0063,0.9994)",0.4185221,0.2116192,0.0447827,0.5783,0.9994,0.39805,0.0063,0.2414
MOD13Q1_006__250m_16_days_NDVI_doy2021289_aid0001,_250m_16_days_NDVI,aid0001,2021-10-16,76502.0,0.0193,0.9986,"(0.0193,0.9986)",0.5653111,0.1499063,0.0224719,0.676,0.9986,0.5736,0.1347,0.4591
MOD13Q1_006__250m_16_days_NDVI_doy2021305_aid0001,_250m_16_days_NDVI,aid0001,2021-11-01,76493.0,-0.0234,0.9994,"(-0.0234,0.9994)",0.4837607,0.2157673,0.0465555,0.6438,0.9994,0.4899,-0.0234,0.3135
MOD13Q1_006__250m_16_days_NDVI_doy2021321_aid0001,_250m_16_days_NDVI,aid0001,2021-11-17,76494.0,0.0139,0.9995,"(0.0139,0.9995)",0.5521404,0.2051864,0.0421015,0.7185,0.9995,0.561,0.0139,0.4105
MOD13Q1_006__250m_16_days_NDVI_doy2021337_aid0001,_250m_16_days_NDVI,aid0001,2021-12-03,76485.0,-0.043,0.9993,"(-0.043,0.9993)",0.5363009,0.2170425,0.0471075,0.7036,0.9993,0.5509,-0.043,0.3778
MOD13Q1_006__250m_16_days_NDVI_doy2021353_aid0001,_250m_16_days_NDVI,aid0001,2021-12-19,76502.0,0.0086,0.9993,"(0.0086,0.9993)",0.5537675,0.2094321,0.0438618,0.7134,0.9993,0.568,0.0086,0.4194
MOD13Q1_006__250m_16_days_NDVI_doy2022001_aid0001,_250m_16_days_NDVI,aid0001,2022-01-01,76503.0,0.117,0.9975,"(0.117,0.9975)",0.6852922,0.1106416,0.0122416,0.7733,0.9975,0.6943,0.3511,0.604
MOD13Q1_006__250m_16_days_NDVI_doy2022017_aid0001,_250m_16_days_NDVI,aid0001,2022-01-17,76503.0,0.1016,0.9964,"(0.1016,0.9964)",0.6822618,0.1270354,0.016138,0.7853,0.9964,0.6929,0.287,0.5853
MOD13Q1_006__250m_16_days_NDVI_doy2022033_aid0001,_250m_16_days_NDVI,aid0001,2022-02-02,76501.0,0.0096,0.9995,"(0.0096,0.9995)",0.6619829,0.1468317,0.0215595,0.7711,0.9995,0.6892,0.2836,0.5761
MOD13Q1_006__250m_16_days_NDVI_doy2022049_aid0001,_250m_16_days_NDVI,aid0001,2022-02-18,76498.0,0.0363,0.9993,"(0.0363,0.9993)",0.6161432,0.1645381,0.0270728,0.7434,0.9993,0.6166,0.1717,0.5147
MOD13Q1_006__250m_16_days_NDVI_doy2022065_aid0001,_250m_16_days_NDVI,aid0001,2022-03-06,76494.0,0.0171,0.9992,"(0.0171,0.9992)",0.5325346,0.1769619,0.0313155,0.6551,0.9992,0.5277,0.0488,0.412
MOD13Q1_006__250m_16_days_NDVI_doy2022081_aid0001,_250m_16_days_NDVI,aid0001,2022-03-22,76503.0,0.0285,0.9993,"(0.0285,0.9993)",0.5793885,0.1685898,0.0284225,0.70805,0.9993,0.5847,0.1105,0.4688
MOD13Q1_006__250m_16_days_NDVI_doy2022097_aid0001,_250m_16_days_NDVI,aid0001,2022-04-07,76494.0,0.0236,0.9994,"(0.0236,0.9994)",0.5647676,0.1957036,0.0382999,0.7122,0.9994,0.5695,0.0277,0.4375
MOD13Q1_006__250m_16_days_NDVI_doy2022113_aid0001,_250m_16_days_NDVI,aid0001,2022-04-23,76503.0,0.0719,0.9907,"(0.0719,0.9907)",0.6666363,0.1121741,0.012583,0.7571,0.9907,0.6722,0.3342,0.5875
MOD13Q1_006__250m_16_days_NDVI_doy2022129_aid0001,_250m_16_days_NDVI,aid0001,2022-05-09,76503.0,0.0451,0.9981,"(0.0451,0.9981)",0.6232155,0.1298822,0.0168694,0.7232,0.9981,0.6288,0.2433,0.5312
MOD13Q1_006__250m_16_days_NDVI_doy2022145_aid0001,_250m_16_days_NDVI,aid0001,2022-05-25,76503.0,0.1981,0.9616,"(0.1981,0.9616)",0.6269999,0.1389933,0.0193191,0.7413,0.9616,0.6401,0.1981,0.52375
MOD13Q1_006__250m_16_days_NDVI_doy2022161_aid0001,_250m_16_days_NDVI,aid0001,2022-06-10,76503.0,0.1767,0.9092,"(0.1767,0.9092)",0.6253601,0.1366209,0.0186653,0.73575,0.9092,0.6392,0.2157,0.5274
MOD13Q1_006__250m_16_days_NDVI_doy2022177_aid0001,_250m_16_days_NDVI,aid0001,2022-06-26,76503.0,0.1745,0.8812,"(0.1745,0.8812)",0.5929901,0.1373258,0.0188584,0.7023,0.8812,0.6007,0.1816,0.4915
MOD13Q1_006__250m_16_days_NDVI_doy2022193_aid0001,_250m_16_days_NDVI,aid0001,2022-07-12,76503.0,0.1476,0.888,"(0.1476,0.888)",0.5613783,0.1401974,0.0196553,0.66885,0.888,0.5664,0.1476,0.458
MOD13Q1_006__250m_16_days_NDVI_doy2022209_aid0001,_250m_16_days_NDVI,aid0001,2022-07-28,76503.0,0.1538,0.8771,"(0.1538,0.8771)",0.5343537,0.133991,0.0179536,0.63275,0.8771,0.5343,0.1538,0.4359
MOD13Q1_006__250m_16_days_NDVI_doy2022225_aid0001,_250m_16_days_NDVI,aid0001,2022-08-13,76503.0,0.1508,0.8816,"(0.1508,0.8816)",0.5112379,0.1324787,0.0175506,0.6038,0.8816,0.5078,0.1508,0.414
